xcrun: error: sh -c '/Applications/Xcode_26.6.app/Contents/Developer/usr/bin/xcodebuild -sdk /Applications/Xcode_26.6.app/Contents/Developer/Platforms/MacOSX.platform/Developer/SDKs/MacOSX26.5.sdk -find ctfconvert 2> /dev/null' failed with exit code 17664: (null) (errno=No such file or directory)
xcrun: error: unable to find utility "ctfconvert", not a developer tool or in PATH
xcrun: error: sh -c '/Applications/Xcode_26.6.app/Contents/Developer/usr/bin/xcodebuild -sdk /Applications/Xcode_26.6.app/Contents/Developer/Platforms/MacOSX.platform/Developer/SDKs/MacOSX26.5.sdk -find ctfmerge 2> /dev/null' failed with exit code 17664: (null) (errno=No such file or directory)
xcrun: error: unable to find utility "ctfmerge", not a developer tool or in PATH
xcrun: error: sh -c '/Applications/Xcode_26.6.app/Contents/Developer/usr/bin/xcodebuild -sdk /Applications/Xcode_26.6.app/Contents/Developer/Platforms/MacOSX.platform/Developer/SDKs/MacOSX26.5.sdk -find ctfconvert 2> /dev/null' failed with exit code 17664: (null) (errno=No such file or directory)
xcrun: error: unable to find utility "ctfconvert", not a developer tool or in PATH
xcrun: error: sh -c '/Applications/Xcode_26.6.app/Contents/Developer/usr/bin/xcodebuild -sdk /Applications/Xcode_26.6.app/Contents/Developer/Platforms/MacOSX.platform/Developer/SDKs/MacOSX26.5.sdk -find ctfmerge 2> /dev/null' failed with exit code 17664: (null) (errno=No such file or directory)
xcrun: error: unable to find utility "ctfmerge", not a developer tool or in PATH
xcrun: error: sh -c '/Applications/Xcode_26.6.app/Contents/Developer/usr/bin/xcodebuild -sdk /Applications/Xcode_26.6.app/Contents/Developer/Platforms/MacOSX.platform/Developer/SDKs/MacOSX26.5.sdk -find ctfconvert 2> /dev/null' failed with exit code 17664: (null) (errno=No such file or directory)
xcrun: error: unable to find utility "ctfconvert", not a developer tool or in PATH
xcrun: error: sh -c '/Applications/Xcode_26.6.app/Contents/Developer/usr/bin/xcodebuild -sdk /Applications/Xcode_26.6.app/Contents/Developer/Platforms/MacOSX.platform/Developer/SDKs/MacOSX26.5.sdk -find ctfconvert 2> /dev/null' failed with exit code 17664: (null) (errno=No such file or directory)
xcrun: error: unable to find utility "ctfconvert", not a developer tool or in PATH
xcrun: error: sh -c '/Applications/Xcode_26.6.app/Contents/Developer/usr/bin/xcodebuild -sdk /Applications/Xcode_26.6.app/Contents/Developer/Platforms/MacOSX.platform/Developer/SDKs/MacOSX26.5.sdk -find ctfmerge 2> /dev/null' failed with exit code 17664: (null) (errno=No such file or directory)
xcrun: error: unable to find utility "ctfmerge", not a developer tool or in PATH
xcrun: error: sh -c '/Applications/Xcode_26.6.app/Contents/Developer/usr/bin/xcodebuild -sdk /Applications/Xcode_26.6.app/Contents/Developer/Platforms/MacOSX.platform/Developer/SDKs/MacOSX26.5.sdk -find ctfmerge 2> /dev/null' failed with exit code 17664: (null) (errno=No such file or directory)
xcrun: error: unable to find utility "ctfmerge", not a developer tool or in PATH
xcrun: error: sh -c '/Applications/Xcode_26.6.app/Contents/Developer/usr/bin/xcodebuild -sdk /Applications/Xcode_26.6.app/Contents/Developer/Platforms/MacOSX.platform/Developer/SDKs/MacOSX26.5.sdk -find ctfconvert 2> /dev/null' failed with exit code 17664: (null) (errno=No such file or directory)
xcrun: error: unable to find utility "ctfconvert", not a developer tool or in PATH
xcrun: error: sh -c '/Applications/Xcode_26.6.app/Contents/Developer/usr/bin/xcodebuild -sdk /Applications/Xcode_26.6.app/Contents/Developer/Platforms/MacOSX.platform/Developer/SDKs/MacOSX26.5.sdk -find ctfconvert 2> /dev/null' failed with exit code 17664: (null) (errno=No such file or directory)
xcrun: error: unable to find utility "ctfconvert", not a developer tool or in PATH
xcrun: error: sh -c '/Applications/Xcode_26.6.app/Contents/Developer/usr/bin/xcodebuild -sdk /Applications/Xcode_26.6.app/Contents/Developer/Platforms/MacOSX.platform/Developer/SDKs/MacOSX26.5.sdk -find ctfconvert 2> /dev/null' failed with exit code 17664: (null) (errno=No such file or directory)
xcrun: error: unable to find utility "ctfconvert", not a developer tool or in PATH
xcrun: error: sh -c '/Applications/Xcode_26.6.app/Contents/Developer/usr/bin/xcodebuild -sdk /Applications/Xcode_26.6.app/Contents/Developer/Platforms/MacOSX.platform/Developer/SDKs/MacOSX26.5.sdk -find ctfmerge 2> /dev/null' failed with exit code 17664: (null) (errno=No such file or directory)
xcrun: error: unable to find utility "ctfmerge", not a developer tool or in PATH
GENERATING    kasan-blacklist-arm64
xcrun: error: sh -c '/Applications/Xcode_26.6.app/Contents/Developer/usr/bin/xcodebuild -sdk /Applications/Xcode_26.6.app/Contents/Developer/Platforms/MacOSX.platform/Developer/SDKs/MacOSX26.5.sdk -find ctfmerge 2> /dev/null' failed with exit code 17664: (null) (errno=No such file or directory)
xcrun: error: unable to find utility "ctfmerge", not a developer tool or in PATH
xcrun: error: sh -c '/Applications/Xcode_26.6.app/Contents/Developer/usr/bin/xcodebuild -sdk /Applications/Xcode_26.6.app/Contents/Developer/Platforms/MacOSX.platform/Developer/SDKs/MacOSX26.5.sdk -find ctfmerge 2> /dev/null' failed with exit code 17664: (null) (errno=No such file or directory)
xcrun: error: unable to find utility "ctfmerge", not a developer tool or in PATH
xcrun: error: sh -c '/Applications/Xcode_26.6.app/Contents/Developer/usr/bin/xcodebuild -sdk /Applications/Xcode_26.6.app/Contents/Developer/Platforms/MacOSX.platform/Developer/SDKs/MacOSX26.5.sdk -find ctfconvert 2> /dev/null' failed with exit code 17664: (null) (errno=No such file or directory)
xcrun: error: unable to find utility "ctfconvert", not a developer tool or in PATH
xcrun: error: sh -c '/Applications/Xcode_26.6.app/Contents/Developer/usr/bin/xcodebuild -sdk /Applications/Xcode_26.6.app/Contents/Developer/Platforms/MacOSX.platform/Developer/SDKs/MacOSX26.5.sdk -find ctfconvert 2> /dev/null' failed with exit code 17664: (null) (errno=No such file or directory)
xcrun: error: unable to find utility "ctfconvert", not a developer tool or in PATH
xcrun: error: sh -c '/Applications/Xcode_26.6.app/Contents/Developer/usr/bin/xcodebuild -sdk /Applications/Xcode_26.6.app/Contents/Developer/Platforms/MacOSX.platform/Developer/SDKs/MacOSX26.5.sdk -find ctfconvert 2> /dev/null' failed with exit code 17664: (null) (errno=No such file or directory)
xcrun: error: unable to find utility "ctfconvert", not a developer tool or in PATH
xcrun: error: sh -c '/Applications/Xcode_26.6.app/Contents/Developer/usr/bin/xcodebuild -sdk /Applications/Xcode_26.6.app/Contents/Developer/Platforms/MacOSX.platform/Developer/SDKs/MacOSX26.5.sdk -find ctfmerge 2> /dev/null' failed with exit code 17664: (null) (errno=No such file or directory)
xcrun: error: unable to find utility "ctfmerge", not a developer tool or in PATH
xcrun: error: sh -c '/Applications/Xcode_26.6.app/Contents/Developer/usr/bin/xcodebuild -sdk /Applications/Xcode_26.6.app/Contents/Developer/Platforms/MacOSX.platform/Developer/SDKs/MacOSX26.5.sdk -find ctfmerge 2> /dev/null' failed with exit code 17664: (null) (errno=No such file or directory)
xcrun: error: unable to find utility "ctfmerge", not a developer tool or in PATH
HOST_CC       externs.o
xcrun: error: sh -c '/Applications/Xcode_26.6.app/Contents/Developer/usr/bin/xcodebuild -sdk /Applications/Xcode_26.6.app/Contents/Developer/Platforms/MacOSX.platform/Developer/SDKs/MacOSX26.5.sdk -find ctfmerge 2> /dev/null' failed with exit code 17664: (null) (errno=No such file or directory)
xcrun: error: unable to find utility "ctfmerge", not a developer tool or in PATH
HOST_CC       kextsymboltool.o
HOST_BISON    parser.c
HOST_CC       openp.o
/Users/runner/work/redwood-xnu/redwood-xnu/SETUP/kextsymboltool/kextsymboltool.c:467:14: warning: 'NXArchInfo' is deprecated: first deprecated in macOS 13.0 - No longer supported [-Wdeprecated-declarations]
  467 | static const NXArchInfo *
      |              ^
/Applications/Xcode_26.6.app/Contents/Developer/Platforms/MacOSX.platform/Developer/SDKs/MacOSX26.5.sdk/usr/include/mach-o/arch.h:58:27: note: 'NXArchInfo' has been explicitly marked deprecated here
   58 | typedef struct NXArchInfo NXArchInfo __CCTOOLS_DEPRECATED;
      |                           ^
/Users/runner/work/redwood-xnu/redwood-xnu/SETUP/kextsymboltool/kextsymboltool.c:474:15: warning: 'NXArchInfo' is deprecated: first deprecated in macOS 13.0 - No longer supported [-Wdeprecated-declarations]
  474 |         static const NXArchInfo archlist[] = {
      |                      ^
/Applications/Xcode_26.6.app/Contents/Developer/Platforms/MacOSX.platform/Developer/SDKs/MacOSX26.5.sdk/usr/include/mach-o/arch.h:58:27: note: 'NXArchInfo' has been explicitly marked deprecated here
   58 | typedef struct NXArchInfo NXArchInfo __CCTOOLS_DEPRECATED;
      |                           ^
/Users/runner/work/redwood-xnu/redwood-xnu/SETUP/kextsymboltool/kextsymboltool.c:504:11: warning: 'NXArchInfo' is deprecated: first deprecated in macOS 13.0 - No longer supported [-Wdeprecated-declarations]
  504 |     const NXArchInfo *  host_arch;
      |           ^
/Applications/Xcode_26.6.app/Contents/Developer/Platforms/MacOSX.platform/Developer/SDKs/MacOSX26.5.sdk/usr/include/mach-o/arch.h:58:27: note: 'NXArchInfo' has been explicitly marked deprecated here
   58 | typedef struct NXArchInfo NXArchInfo __CCTOOLS_DEPRECATED;
      |                           ^
/Users/runner/work/redwood-xnu/redwood-xnu/SETUP/kextsymboltool/kextsymboltool.c:505:11: warning: 'NXArchInfo' is deprecated: first deprecated in macOS 13.0 - No longer supported [-Wdeprecated-declarations]
  505 |     const NXArchInfo *  target_arch;
      |           ^
/Applications/Xcode_26.6.app/Contents/Developer/Platforms/MacOSX.platform/Developer/SDKs/MacOSX26.5.sdk/usr/include/mach-o/arch.h:58:27: note: 'NXArchInfo' has been explicitly marked deprecated here
   58 | typedef struct NXArchInfo NXArchInfo __CCTOOLS_DEPRECATED;
      |                           ^
/Users/runner/work/redwood-xnu/redwood-xnu/SETUP/kextsymboltool/kextsymboltool.c:519:17: warning: 'NXGetLocalArchInfo' is deprecated: first deprecated in macOS 13.0 [-Wdeprecated-declarations]
  519 |     host_arch = NXGetLocalArchInfo();
      |                 ^~~~~~~~~~~~~~~~~~
      |                 use macho_arch_name_for_mach_header()
/Applications/Xcode_26.6.app/Contents/Developer/Platforms/MacOSX.platform/Developer/SDKs/MacOSX26.5.sdk/usr/include/mach-o/arch.h:72:26: note: 'NXGetLocalArchInfo' has been explicitly marked deprecated here
   72 | extern const NXArchInfo *NXGetLocalArchInfo(void) __CCTOOLS_DEPRECATED_MSG("use macho_arch_name_for_mach_header()");
      |                          ^
/Users/runner/work/redwood-xnu/redwood-xnu/SETUP/kextsymboltool/kextsymboltool.c:784:6: warning: 'swap_mach_header_64' is deprecated: first deprecated in macOS 13.0 - No longer supported [-Wdeprecated-declarations]
  784 |             swap_mach_header_64(&hdr, target_arch->byteorder);
      |             ^
/Applications/Xcode_26.6.app/Contents/Developer/Platforms/MacOSX.platform/Developer/SDKs/MacOSX26.5.sdk/usr/include/mach-o/swap.h:63:13: note: 'swap_mach_header_64' has been explicitly marked deprecated here
   63 | extern void swap_mach_header_64(
      |             ^
/Users/runner/work/redwood-xnu/redwood-xnu/SETUP/kextsymboltool/kextsymboltool.c:785:6: warning: 'swap_segment_command_64' is deprecated: first deprecated in macOS 13.0 - No longer supported [-Wdeprecated-declarations]
  785 |             swap_segment_command_64(&segcmd, target_arch->byteorder);
      |             ^
/Applications/Xcode_26.6.app/Contents/Developer/Platforms/MacOSX.platform/Developer/SDKs/MacOSX26.5.sdk/usr/include/mach-o/swap.h:75:13: note: 'swap_segment_command_64' has been explicitly marked deprecated here
   75 | extern void swap_segment_command_64(
      |             ^
/Users/runner/work/redwood-xnu/redwood-xnu/SETUP/kextsymboltool/kextsymboltool.c:824:6: warning: 'swap_mach_header' is deprecated: first deprecated in macOS 13.0 - No longer supported [-Wdeprecated-declarations]
  824 |             swap_mach_header(&hdr, target_arch->byteorder);
      |             ^
/Applications/Xcode_26.6.app/Contents/Developer/Platforms/MacOSX.platform/Developer/SDKs/MacOSX26.5.sdk/usr/include/mach-o/swap.h:59:13: note: 'swap_mach_header' has been explicitly marked deprecated here
   59 | extern void swap_mach_header(
      |             ^
/Users/runner/work/redwood-xnu/redwood-xnu/SETUP/kextsymboltool/kextsymboltool.c:825:6: warning: 'swap_segment_command' is deprecated: first deprecated in macOS 13.0 - No longer supported [-Wdeprecated-declarations]
  825 |             swap_segment_command(&segcmd, target_arch->byteorder);
      |             ^
/Applications/Xcode_26.6.app/Contents/Developer/Platforms/MacOSX.platform/Developer/SDKs/MacOSX26.5.sdk/usr/include/mach-o/swap.h:71:13: note: 'swap_segment_command' has been explicitly marked deprecated here
   71 | extern void swap_segment_command(
      |             ^
/Users/runner/work/redwood-xnu/redwood-xnu/SETUP/kextsymboltool/kextsymboltool.c:837:9: warning: 'swap_symtab_command' is deprecated: first deprecated in macOS 13.0 - No longer supported [-Wdeprecated-declarations]
  837 |         swap_symtab_command(&symcmd, target_arch->byteorder);
      |         ^
/Applications/Xcode_26.6.app/Contents/Developer/Platforms/MacOSX.platform/Developer/SDKs/MacOSX26.5.sdk/usr/include/mach-o/swap.h:89:13: note: 'swap_symtab_command' has been explicitly marked deprecated here
   89 | extern void swap_symtab_command(
      |             ^
/Users/runner/work/redwood-xnu/redwood-xnu/SETUP/kextsymboltool/kextsymboltool.c:838:9: warning: 'swap_uuid_command' is deprecated: first deprecated in macOS 13.0 - No longer supported [-Wdeprecated-declarations]
  838 |         swap_uuid_command(&uuidcmd, target_arch->byteorder);
      |         ^
/Applications/Xcode_26.6.app/Contents/Developer/Platforms/MacOSX.platform/Developer/SDKs/MacOSX26.5.sdk/usr/include/mach-o/swap.h:217:13: note: 'swap_uuid_command' has been explicitly marked deprecated here
  217 | extern void swap_uuid_command(
      |             ^
/Users/runner/work/redwood-xnu/redwood-xnu/SETUP/kextsymboltool/kextsymboltool.c:902:7: warning: 'swap_nlist_64' is deprecated: first deprecated in macOS 13.0 - No longer supported [-Wdeprecated-declarations]
  902 |                     swap_nlist_64(&nl, 1, target_arch->byteorder);
      |                     ^
/Applications/Xcode_26.6.app/Contents/Developer/Platforms/MacOSX.platform/Developer/SDKs/MacOSX26.5.sdk/usr/include/mach-o/swap.h:235:13: note: 'swap_nlist_64' has been explicitly marked deprecated here
  235 | extern void swap_nlist_64(
      |             ^
/Users/runner/work/redwood-xnu/redwood-xnu/SETUP/kextsymboltool/kextsymboltool.c:932:7: warning: 'swap_nlist' is deprecated: first deprecated in macOS 13.0 - No longer supported [-Wdeprecated-declarations]
  932 |                     swap_nlist(&nl, 1, target_arch->byteorder);
      |                     ^
/Applications/Xcode_26.6.app/Contents/Developer/Platforms/MacOSX.platform/Developer/SDKs/MacOSX26.5.sdk/usr/include/mach-o/swap.h:230:13: note: 'swap_nlist' has been explicitly marked deprecated here
  230 | extern void swap_nlist(
      |             ^
HOST_CC       searchp.o
13 warnings generated.
HOST_LD       kextsymboltool
HOST_FLEX     lexer.yy.c
HOST_CC       parser.o
HOST_CODESIGN kextsymboltool
HOST_CC       main.o
HOST_CC       mkheaders.o
HOST_CC       mkioconf.o
HOST_CC       mkmakefile.o
/Users/runner/work/redwood-xnu/redwood-xnu/SETUP/config/mkmakefile.c:565:6: warning: variable 'lpos' set but not used [-Wunused-but-set-variable]
  565 |         int lpos, len=0; /* dvw: init to 0 */
      |             ^
1 warning generated.
HOST_CC       lexer.yy.o
HOST_LD       config
xcrun: error: sh -c '/Applications/Xcode_26.6.app/Contents/Developer/usr/bin/xcodebuild -sdk /Applications/Xcode_26.6.app/Contents/Developer/Platforms/MacOSX.platform/Developer/SDKs/MacOSX26.5.sdk -find ctfconvert 2> /dev/null' failed with exit code 17664: (null) (errno=No such file or directory)
xcrun: error: unable to find utility "ctfconvert", not a developer tool or in PATH
HOST_CODESIGN config
xcrun: error: sh -c '/Applications/Xcode_26.6.app/Contents/Developer/usr/bin/xcodebuild -sdk /Applications/Xcode_26.6.app/Contents/Developer/Platforms/MacOSX.platform/Developer/SDKs/MacOSX26.5.sdk -find ctfconvert 2> /dev/null' failed with exit code 17664: (null) (errno=No such file or directory)
xcrun: error: unable to find utility "ctfconvert", not a developer tool or in PATH
xcrun: error: sh -c '/Applications/Xcode_26.6.app/Contents/Developer/usr/bin/xcodebuild -sdk /Applications/Xcode_26.6.app/Contents/Developer/Platforms/MacOSX.platform/Developer/SDKs/MacOSX26.5.sdk -find ctfmerge 2> /dev/null' failed with exit code 17664: (null) (errno=No such file or directory)
xcrun: error: unable to find utility "ctfmerge", not a developer tool or in PATH
HOST_CC       setsegname.o
HOST_LD       setsegname
HOST_CODESIGN setsegname
xcrun: error: sh -c '/Applications/Xcode_26.6.app/Contents/Developer/usr/bin/xcodebuild -sdk /Applications/Xcode_26.6.app/Contents/Developer/Platforms/MacOSX.platform/Developer/SDKs/MacOSX26.5.sdk -find ctfconvert 2> /dev/null' failed with exit code 17664: (null) (errno=No such file or directory)
xcrun: error: unable to find utility "ctfconvert", not a developer tool or in PATH
xcrun: error: sh -c '/Applications/Xcode_26.6.app/Contents/Developer/usr/bin/xcodebuild -sdk /Applications/Xcode_26.6.app/Contents/Developer/Platforms/MacOSX.platform/Developer/SDKs/MacOSX26.5.sdk -find ctfmerge 2> /dev/null' failed with exit code 17664: (null) (errno=No such file or directory)
xcrun: error: unable to find utility "ctfmerge", not a developer tool or in PATH
xcrun: error: sh -c '/Applications/Xcode_26.6.app/Contents/Developer/usr/bin/xcodebuild -sdk /Applications/Xcode_26.6.app/Contents/Developer/Platforms/MacOSX.platform/Developer/SDKs/MacOSX26.5.sdk -find ctfconvert 2> /dev/null' failed with exit code 17664: (null) (errno=No such file or directory)
xcrun: error: unable to find utility "ctfconvert", not a developer tool or in PATH
xcrun: error: sh -c '/Applications/Xcode_26.6.app/Contents/Developer/usr/bin/xcodebuild -sdk /Applications/Xcode_26.6.app/Contents/Developer/Platforms/MacOSX.platform/Developer/SDKs/MacOSX26.5.sdk -find ctfmerge 2> /dev/null' failed with exit code 17664: (null) (errno=No such file or directory)
xcrun: error: unable to find utility "ctfmerge", not a developer tool or in PATH
xcrun: error: sh -c '/Applications/Xcode_26.6.app/Contents/Developer/usr/bin/xcodebuild -sdk /Applications/Xcode_26.6.app/Contents/Developer/Platforms/MacOSX.platform/Developer/SDKs/MacOSX26.5.sdk -find ctfconvert 2> /dev/null' failed with exit code 17664: (null) (errno=No such file or directory)
xcrun: error: unable to find utility "ctfconvert", not a developer tool or in PATH
xcrun: error: sh -c '/Applications/Xcode_26.6.app/Contents/Developer/usr/bin/xcodebuild -sdk /Applications/Xcode_26.6.app/Contents/Developer/Platforms/MacOSX.platform/Developer/SDKs/MacOSX26.5.sdk -find ctfmerge 2> /dev/null' failed with exit code 17664: (null) (errno=No such file or directory)
xcrun: error: unable to find utility "ctfmerge", not a developer tool or in PATH
xcrun: error: sh -c '/Applications/Xcode_26.6.app/Contents/Developer/usr/bin/xcodebuild -sdk /Applications/Xcode_26.6.app/Contents/Developer/Platforms/MacOSX.platform/Developer/SDKs/MacOSX26.5.sdk -find ctfconvert 2> /dev/null' failed with exit code 17664: (null) (errno=No such file or directory)
xcrun: error: unable to find utility "ctfconvert", not a developer tool or in PATH
xcrun: error: sh -c '/Applications/Xcode_26.6.app/Contents/Developer/usr/bin/xcodebuild -sdk /Applications/Xcode_26.6.app/Contents/Developer/Platforms/MacOSX.platform/Developer/SDKs/MacOSX26.5.sdk -find ctfmerge 2> /dev/null' failed with exit code 17664: (null) (errno=No such file or directory)
xcrun: error: unable to find utility "ctfmerge", not a developer tool or in PATH
HOST_CC       decomment.o
HOST_LD       decomment
HOST_CODESIGN decomment
xcrun: error: sh -c '/Applications/Xcode_26.6.app/Contents/Developer/usr/bin/xcodebuild -sdk /Applications/Xcode_26.6.app/Contents/Developer/Platforms/MacOSX.platform/Developer/SDKs/MacOSX26.5.sdk -find ctfconvert 2> /dev/null' failed with exit code 17664: (null) (errno=No such file or directory)
xcrun: error: unable to find utility "ctfconvert", not a developer tool or in PATH
xcrun: error: sh -c '/Applications/Xcode_26.6.app/Contents/Developer/usr/bin/xcodebuild -sdk /Applications/Xcode_26.6.app/Contents/Developer/Platforms/MacOSX.platform/Developer/SDKs/MacOSX26.5.sdk -find ctfmerge 2> /dev/null' failed with exit code 17664: (null) (errno=No such file or directory)
xcrun: error: unable to find utility "ctfmerge", not a developer tool or in PATH
HOST_CC       installfile.o
HOST_LD       installfile
HOST_CODESIGN installfile
xcrun: error: sh -c '/Applications/Xcode_26.6.app/Contents/Developer/usr/bin/xcodebuild -sdk /Applications/Xcode_26.6.app/Contents/Developer/Platforms/MacOSX.platform/Developer/SDKs/MacOSX26.5.sdk -find ctfmerge 2> /dev/null' failed with exit code 17664: (null) (errno=No such file or directory)
xcrun: error: unable to find utility "ctfmerge", not a developer tool or in PATH
HOST_CC       replacecontents.o
HOST_LD       replacecontents
HOST_CODESIGN replacecontents
xcrun: error: sh -c '/Applications/Xcode_26.6.app/Contents/Developer/usr/bin/xcodebuild -sdk /Applications/Xcode_26.6.app/Contents/Developer/Platforms/MacOSX.platform/Developer/SDKs/MacOSX26.5.sdk -find ctfconvert 2> /dev/null' failed with exit code 17664: (null) (errno=No such file or directory)
xcrun: error: unable to find utility "ctfconvert", not a developer tool or in PATH
xcrun: error: sh -c '/Applications/Xcode_26.6.app/Contents/Developer/usr/bin/xcodebuild -sdk /Applications/Xcode_26.6.app/Contents/Developer/Platforms/MacOSX.platform/Developer/SDKs/MacOSX26.5.sdk -find ctfmerge 2> /dev/null' failed with exit code 17664: (null) (errno=No such file or directory)
xcrun: error: unable to find utility "ctfmerge", not a developer tool or in PATH
xcrun: error: sh -c '/Applications/Xcode_26.6.app/Contents/Developer/usr/bin/xcodebuild -sdk /Applications/Xcode_26.6.app/Contents/Developer/Platforms/MacOSX.platform/Developer/SDKs/MacOSX26.5.sdk -find ctfconvert 2> /dev/null' failed with exit code 17664: (null) (errno=No such file or directory)
xcrun: error: unable to find utility "ctfconvert", not a developer tool or in PATH
xcrun: error: sh -c '/Applications/Xcode_26.6.app/Contents/Developer/usr/bin/xcodebuild -sdk /Applications/Xcode_26.6.app/Contents/Developer/Platforms/MacOSX.platform/Developer/SDKs/MacOSX26.5.sdk -find ctfmerge 2> /dev/null' failed with exit code 17664: (null) (errno=No such file or directory)
xcrun: error: unable to find utility "ctfmerge", not a developer tool or in PATH
xcrun: error: sh -c '/Applications/Xcode_26.6.app/Contents/Developer/usr/bin/xcodebuild -sdk /Applications/Xcode_26.6.app/Contents/Developer/Platforms/MacOSX.platform/Developer/SDKs/MacOSX26.5.sdk -find ctfconvert 2> /dev/null' failed with exit code 17664: (null) (errno=No such file or directory)
xcrun: error: unable to find utility "ctfconvert", not a developer tool or in PATH
xcrun: error: sh -c '/Applications/Xcode_26.6.app/Contents/Developer/usr/bin/xcodebuild -sdk /Applications/Xcode_26.6.app/Contents/Developer/Platforms/MacOSX.platform/Developer/SDKs/MacOSX26.5.sdk -find ctfconvert 2> /dev/null' failed with exit code 17664: (null) (errno=No such file or directory)
xcrun: error: unable to find utility "ctfconvert", not a developer tool or in PATH
xcrun: error: sh -c '/Applications/Xcode_26.6.app/Contents/Developer/usr/bin/xcodebuild -sdk /Applications/Xcode_26.6.app/Contents/Developer/Platforms/MacOSX.platform/Developer/SDKs/MacOSX26.5.sdk -find ctfmerge 2> /dev/null' failed with exit code 17664: (null) (errno=No such file or directory)
xcrun: error: unable to find utility "ctfmerge", not a developer tool or in PATH
xcrun: error: sh -c '/Applications/Xcode_26.6.app/Contents/Developer/usr/bin/xcodebuild -sdk /Applications/Xcode_26.6.app/Contents/Developer/Platforms/MacOSX.platform/Developer/SDKs/MacOSX26.5.sdk -find ctfmerge 2> /dev/null' failed with exit code 17664: (null) (errno=No such file or directory)
xcrun: error: unable to find utility "ctfmerge", not a developer tool or in PATH
xcrun: error: sh -c '/Applications/Xcode_26.6.app/Contents/Developer/usr/bin/xcodebuild -sdk /Applications/Xcode_26.6.app/Contents/Developer/Platforms/MacOSX.platform/Developer/SDKs/MacOSX26.5.sdk -find ctfconvert 2> /dev/null' failed with exit code 17664: (null) (errno=No such file or directory)
xcrun: error: unable to find utility "ctfconvert", not a developer tool or in PATH
xcrun: error: sh -c '/Applications/Xcode_26.6.app/Contents/Developer/usr/bin/xcodebuild -sdk /Applications/Xcode_26.6.app/Contents/Developer/Platforms/MacOSX.platform/Developer/SDKs/MacOSX26.5.sdk -find ctfconvert 2> /dev/null' failed with exit code 17664: (null) (errno=No such file or directory)
xcrun: error: unable to find utility "ctfconvert", not a developer tool or in PATH
xcrun: error: sh -c '/Applications/Xcode_26.6.app/Contents/Developer/usr/bin/xcodebuild -sdk /Applications/Xcode_26.6.app/Contents/Developer/Platforms/MacOSX.platform/Developer/SDKs/MacOSX26.5.sdk -find ctfconvert 2> /dev/null' failed with exit code 17664: (null) (errno=No such file or directory)
xcrun: error: unable to find utility "ctfconvert", not a developer tool or in PATH
xcrun: error: sh -c '/Applications/Xcode_26.6.app/Contents/Developer/usr/bin/xcodebuild -sdk /Applications/Xcode_26.6.app/Contents/Developer/Platforms/MacOSX.platform/Developer/SDKs/MacOSX26.5.sdk -find ctfmerge 2> /dev/null' failed with exit code 17664: (null) (errno=No such file or directory)
xcrun: error: unable to find utility "ctfmerge", not a developer tool or in PATH
xcrun: error: sh -c '/Applications/Xcode_26.6.app/Contents/Developer/usr/bin/xcodebuild -sdk /Applications/Xcode_26.6.app/Contents/Developer/Platforms/MacOSX.platform/Developer/SDKs/MacOSX26.5.sdk -find ctfmerge 2> /dev/null' failed with exit code 17664: (null) (errno=No such file or directory)
xcrun: error: unable to find utility "ctfmerge", not a developer tool or in PATH
xcrun: error: sh -c '/Applications/Xcode_26.6.app/Contents/Developer/usr/bin/xcodebuild -sdk /Applications/Xcode_26.6.app/Contents/Developer/Platforms/MacOSX.platform/Developer/SDKs/MacOSX26.5.sdk -find ctfmerge 2> /dev/null' failed with exit code 17664: (null) (errno=No such file or directory)
xcrun: error: unable to find utility "ctfmerge", not a developer tool or in PATH
xcrun: error: sh -c '/Applications/Xcode_26.6.app/Contents/Developer/usr/bin/xcodebuild -sdk /Applications/Xcode_26.6.app/Contents/Developer/Platforms/MacOSX.platform/Developer/SDKs/MacOSX26.5.sdk -find ctfconvert 2> /dev/null' failed with exit code 17664: (null) (errno=No such file or directory)
xcrun: error: unable to find utility "ctfconvert", not a developer tool or in PATH
xcrun: error: sh -c '/Applications/Xcode_26.6.app/Contents/Developer/usr/bin/xcodebuild -sdk /Applications/Xcode_26.6.app/Contents/Developer/Platforms/MacOSX.platform/Developer/SDKs/MacOSX26.5.sdk -find ctfconvert 2> /dev/null' failed with exit code 17664: (null) (errno=No such file or directory)
xcrun: error: unable to find utility "ctfconvert", not a developer tool or in PATH
xcrun: error: sh -c '/Applications/Xcode_26.6.app/Contents/Developer/usr/bin/xcodebuild -sdk /Applications/Xcode_26.6.app/Contents/Developer/Platforms/MacOSX.platform/Developer/SDKs/MacOSX26.5.sdk -find ctfconvert 2> /dev/null' failed with exit code 17664: (null) (errno=No such file or directory)
xcrun: error: unable to find utility "ctfconvert", not a developer tool or in PATH
xcrun: error: sh -c '/Applications/Xcode_26.6.app/Contents/Developer/usr/bin/xcodebuild -sdk /Applications/Xcode_26.6.app/Contents/Developer/Platforms/MacOSX.platform/Developer/SDKs/MacOSX26.5.sdk -find ctfmerge 2> /dev/null' failed with exit code 17664: (null) (errno=No such file or directory)
xcrun: error: unable to find utility "ctfmerge", not a developer tool or in PATH
xcrun: error: sh -c '/Applications/Xcode_26.6.app/Contents/Developer/usr/bin/xcodebuild -sdk /Applications/Xcode_26.6.app/Contents/Developer/Platforms/MacOSX.platform/Developer/SDKs/MacOSX26.5.sdk -find ctfmerge 2> /dev/null' failed with exit code 17664: (null) (errno=No such file or directory)
xcrun: error: unable to find utility "ctfmerge", not a developer tool or in PATH
xcrun: error: sh -c '/Applications/Xcode_26.6.app/Contents/Developer/usr/bin/xcodebuild -sdk /Applications/Xcode_26.6.app/Contents/Developer/Platforms/MacOSX.platform/Developer/SDKs/MacOSX26.5.sdk -find ctfmerge 2> /dev/null' failed with exit code 17664: (null) (errno=No such file or directory)
xcrun: error: unable to find utility "ctfmerge", not a developer tool or in PATH
xcrun: error: sh -c '/Applications/Xcode_26.6.app/Contents/Developer/usr/bin/xcodebuild -sdk /Applications/Xcode_26.6.app/Contents/Developer/Platforms/MacOSX.platform/Developer/SDKs/MacOSX26.5.sdk -find ctfconvert 2> /dev/null' failed with exit code 17664: (null) (errno=No such file or directory)
xcrun: error: unable to find utility "ctfconvert", not a developer tool or in PATH
xcrun: error: sh -c '/Applications/Xcode_26.6.app/Contents/Developer/usr/bin/xcodebuild -sdk /Applications/Xcode_26.6.app/Contents/Developer/Platforms/MacOSX.platform/Developer/SDKs/MacOSX26.5.sdk -find ctfconvert 2> /dev/null' failed with exit code 17664: (null) (errno=No such file or directory)
xcrun: error: unable to find utility "ctfconvert", not a developer tool or in PATH
xcrun: error: sh -c '/Applications/Xcode_26.6.app/Contents/Developer/usr/bin/xcodebuild -sdk /Applications/Xcode_26.6.app/Contents/Developer/Platforms/MacOSX.platform/Developer/SDKs/MacOSX26.5.sdk -find ctfconvert 2> /dev/null' failed with exit code 17664: (null) (errno=No such file or directory)
xcrun: error: unable to find utility "ctfconvert", not a developer tool or in PATH
xcrun: error: sh -c '/Applications/Xcode_26.6.app/Contents/Developer/usr/bin/xcodebuild -sdk /Applications/Xcode_26.6.app/Contents/Developer/Platforms/MacOSX.platform/Developer/SDKs/MacOSX26.5.sdk -find ctfmerge 2> /dev/null' failed with exit code 17664: (null) (errno=No such file or directory)
xcrun: error: unable to find utility "ctfmerge", not a developer tool or in PATH
xcrun: error: sh -c '/Applications/Xcode_26.6.app/Contents/Developer/usr/bin/xcodebuild -sdk /Applications/Xcode_26.6.app/Contents/Developer/Platforms/MacOSX.platform/Developer/SDKs/MacOSX26.5.sdk -find ctfmerge 2> /dev/null' failed with exit code 17664: (null) (errno=No such file or directory)
xcrun: error: unable to find utility "ctfmerge", not a developer tool or in PATH
xcrun: error: sh -c '/Applications/Xcode_26.6.app/Contents/Developer/usr/bin/xcodebuild -sdk /Applications/Xcode_26.6.app/Contents/Developer/Platforms/MacOSX.platform/Developer/SDKs/MacOSX26.5.sdk -find ctfmerge 2> /dev/null' failed with exit code 17664: (null) (errno=No such file or directory)
xcrun: error: unable to find utility "ctfmerge", not a developer tool or in PATH
xcrun: error: sh -c '/Applications/Xcode_26.6.app/Contents/Developer/usr/bin/xcodebuild -sdk /Applications/Xcode_26.6.app/Contents/Developer/Platforms/MacOSX.platform/Developer/SDKs/MacOSX26.5.sdk -find ctfconvert 2> /dev/null' failed with exit code 17664: (null) (errno=No such file or directory)
xcrun: error: unable to find utility "ctfconvert", not a developer tool or in PATH
xcrun: error: sh -c '/Applications/Xcode_26.6.app/Contents/Developer/usr/bin/xcodebuild -sdk /Applications/Xcode_26.6.app/Contents/Developer/Platforms/MacOSX.platform/Developer/SDKs/MacOSX26.5.sdk -find ctfconvert 2> /dev/null' failed with exit code 17664: (null) (errno=No such file or directory)
xcrun: error: unable to find utility "ctfconvert", not a developer tool or in PATH
xcrun: error: sh -c '/Applications/Xcode_26.6.app/Contents/Developer/usr/bin/xcodebuild -sdk /Applications/Xcode_26.6.app/Contents/Developer/Platforms/MacOSX.platform/Developer/SDKs/MacOSX26.5.sdk -find ctfconvert 2> /dev/null' failed with exit code 17664: (null) (errno=No such file or directory)
xcrun: error: unable to find utility "ctfconvert", not a developer tool or in PATH
xcrun: error: sh -c '/Applications/Xcode_26.6.app/Contents/Developer/usr/bin/xcodebuild -sdk /Applications/Xcode_26.6.app/Contents/Developer/Platforms/MacOSX.platform/Developer/SDKs/MacOSX26.5.sdk -find ctfmerge 2> /dev/null' failed with exit code 17664: (null) (errno=No such file or directory)
xcrun: error: unable to find utility "ctfmerge", not a developer tool or in PATH
xcrun: error: sh -c '/Applications/Xcode_26.6.app/Contents/Developer/usr/bin/xcodebuild -sdk /Applications/Xcode_26.6.app/Contents/Developer/Platforms/MacOSX.platform/Developer/SDKs/MacOSX26.5.sdk -find ctfmerge 2> /dev/null' failed with exit code 17664: (null) (errno=No such file or directory)
xcrun: error: unable to find utility "ctfmerge", not a developer tool or in PATH
xcrun: error: sh -c '/Applications/Xcode_26.6.app/Contents/Developer/usr/bin/xcodebuild -sdk /Applications/Xcode_26.6.app/Contents/Developer/Platforms/MacOSX.platform/Developer/SDKs/MacOSX26.5.sdk -find ctfmerge 2> /dev/null' failed with exit code 17664: (null) (errno=No such file or directory)
xcrun: error: unable to find utility "ctfmerge", not a developer tool or in PATH
xcrun: error: sh -c '/Applications/Xcode_26.6.app/Contents/Developer/usr/bin/xcodebuild -sdk /Applications/Xcode_26.6.app/Contents/Developer/Platforms/MacOSX.platform/Developer/SDKs/MacOSX26.5.sdk -find ctfconvert 2> /dev/null' failed with exit code 17664: (null) (errno=No such file or directory)
xcrun: error: unable to find utility "ctfconvert", not a developer tool or in PATH
xcrun: error: sh -c '/Applications/Xcode_26.6.app/Contents/Developer/usr/bin/xcodebuild -sdk /Applications/Xcode_26.6.app/Contents/Developer/Platforms/MacOSX.platform/Developer/SDKs/MacOSX26.5.sdk -find ctfconvert 2> /dev/null' failed with exit code 17664: (null) (errno=No such file or directory)
xcrun: error: unable to find utility "ctfconvert", not a developer tool or in PATH
xcrun: error: sh -c '/Applications/Xcode_26.6.app/Contents/Developer/usr/bin/xcodebuild -sdk /Applications/Xcode_26.6.app/Contents/Developer/Platforms/MacOSX.platform/Developer/SDKs/MacOSX26.5.sdk -find ctfconvert 2> /dev/null' failed with exit code 17664: (null) (errno=No such file or directory)
xcrun: error: unable to find utility "ctfconvert", not a developer tool or in PATH
xcrun: error: sh -c '/Applications/Xcode_26.6.app/Contents/Developer/usr/bin/xcodebuild -sdk /Applications/Xcode_26.6.app/Contents/Developer/Platforms/MacOSX.platform/Developer/SDKs/MacOSX26.5.sdk -find ctfmerge 2> /dev/null' failed with exit code 17664: (null) (errno=No such file or directory)
xcrun: error: unable to find utility "ctfmerge", not a developer tool or in PATH
xcrun: error: sh -c '/Applications/Xcode_26.6.app/Contents/Developer/usr/bin/xcodebuild -sdk /Applications/Xcode_26.6.app/Contents/Developer/Platforms/MacOSX.platform/Developer/SDKs/MacOSX26.5.sdk -find ctfmerge 2> /dev/null' failed with exit code 17664: (null) (errno=No such file or directory)
xcrun: error: unable to find utility "ctfmerge", not a developer tool or in PATH
xcrun: error: sh -c '/Applications/Xcode_26.6.app/Contents/Developer/usr/bin/xcodebuild -sdk /Applications/Xcode_26.6.app/Contents/Developer/Platforms/MacOSX.platform/Developer/SDKs/MacOSX26.5.sdk -find ctfmerge 2> /dev/null' failed with exit code 17664: (null) (errno=No such file or directory)
xcrun: error: unable to find utility "ctfmerge", not a developer tool or in PATH
xcrun: error: sh -c '/Applications/Xcode_26.6.app/Contents/Developer/usr/bin/xcodebuild -sdk /Applications/Xcode_26.6.app/Contents/Developer/Platforms/MacOSX.platform/Developer/SDKs/MacOSX26.5.sdk -find ctfconvert 2> /dev/null' failed with exit code 17664: (null) (errno=No such file or directory)
xcrun: error: unable to find utility "ctfconvert", not a developer tool or in PATH
xcrun: error: sh -c '/Applications/Xcode_26.6.app/Contents/Developer/usr/bin/xcodebuild -sdk /Applications/Xcode_26.6.app/Contents/Developer/Platforms/MacOSX.platform/Developer/SDKs/MacOSX26.5.sdk -find ctfconvert 2> /dev/null' failed with exit code 17664: (null) (errno=No such file or directory)
xcrun: error: unable to find utility "ctfconvert", not a developer tool or in PATH
xcrun: error: sh -c '/Applications/Xcode_26.6.app/Contents/Developer/usr/bin/xcodebuild -sdk /Applications/Xcode_26.6.app/Contents/Developer/Platforms/MacOSX.platform/Developer/SDKs/MacOSX26.5.sdk -find ctfconvert 2> /dev/null' failed with exit code 17664: (null) (errno=No such file or directory)
xcrun: error: unable to find utility "ctfconvert", not a developer tool or in PATH
xcrun: error: sh -c '/Applications/Xcode_26.6.app/Contents/Developer/usr/bin/xcodebuild -sdk /Applications/Xcode_26.6.app/Contents/Developer/Platforms/MacOSX.platform/Developer/SDKs/MacOSX26.5.sdk -find ctfmerge 2> /dev/null' failed with exit code 17664: (null) (errno=No such file or directory)
xcrun: error: unable to find utility "ctfmerge", not a developer tool or in PATH
xcrun: error: sh -c '/Applications/Xcode_26.6.app/Contents/Developer/usr/bin/xcodebuild -sdk /Applications/Xcode_26.6.app/Contents/Developer/Platforms/MacOSX.platform/Developer/SDKs/MacOSX26.5.sdk -find ctfmerge 2> /dev/null' failed with exit code 17664: (null) (errno=No such file or directory)
xcrun: error: unable to find utility "ctfmerge", not a developer tool or in PATH
xcrun: error: sh -c '/Applications/Xcode_26.6.app/Contents/Developer/usr/bin/xcodebuild -sdk /Applications/Xcode_26.6.app/Contents/Developer/Platforms/MacOSX.platform/Developer/SDKs/MacOSX26.5.sdk -find ctfmerge 2> /dev/null' failed with exit code 17664: (null) (errno=No such file or directory)
xcrun: error: unable to find utility "ctfmerge", not a developer tool or in PATH
xcrun: error: sh -c '/Applications/Xcode_26.6.app/Contents/Developer/usr/bin/xcodebuild -sdk /Applications/Xcode_26.6.app/Contents/Developer/Platforms/MacOSX.platform/Developer/SDKs/MacOSX26.5.sdk -find ctfconvert 2> /dev/null' failed with exit code 17664: (null) (errno=No such file or directory)
xcrun: error: unable to find utility "ctfconvert", not a developer tool or in PATH
xcrun: error: sh -c '/Applications/Xcode_26.6.app/Contents/Developer/usr/bin/xcodebuild -sdk /Applications/Xcode_26.6.app/Contents/Developer/Platforms/MacOSX.platform/Developer/SDKs/MacOSX26.5.sdk -find ctfconvert 2> /dev/null' failed with exit code 17664: (null) (errno=No such file or directory)
xcrun: error: unable to find utility "ctfconvert", not a developer tool or in PATH
xcrun: error: sh -c '/Applications/Xcode_26.6.app/Contents/Developer/usr/bin/xcodebuild -sdk /Applications/Xcode_26.6.app/Contents/Developer/Platforms/MacOSX.platform/Developer/SDKs/MacOSX26.5.sdk -find ctfconvert 2> /dev/null' failed with exit code 17664: (null) (errno=No such file or directory)
xcrun: error: unable to find utility "ctfconvert", not a developer tool or in PATH
xcrun: error: sh -c '/Applications/Xcode_26.6.app/Contents/Developer/usr/bin/xcodebuild -sdk /Applications/Xcode_26.6.app/Contents/Developer/Platforms/MacOSX.platform/Developer/SDKs/MacOSX26.5.sdk -find ctfmerge 2> /dev/null' failed with exit code 17664: (null) (errno=No such file or directory)
xcrun: error: unable to find utility "ctfmerge", not a developer tool or in PATH
xcrun: error: sh -c '/Applications/Xcode_26.6.app/Contents/Developer/usr/bin/xcodebuild -sdk /Applications/Xcode_26.6.app/Contents/Developer/Platforms/MacOSX.platform/Developer/SDKs/MacOSX26.5.sdk -find ctfmerge 2> /dev/null' failed with exit code 17664: (null) (errno=No such file or directory)
xcrun: error: unable to find utility "ctfmerge", not a developer tool or in PATH
xcrun: error: sh -c '/Applications/Xcode_26.6.app/Contents/Developer/usr/bin/xcodebuild -sdk /Applications/Xcode_26.6.app/Contents/Developer/Platforms/MacOSX.platform/Developer/SDKs/MacOSX26.5.sdk -find ctfmerge 2> /dev/null' failed with exit code 17664: (null) (errno=No such file or directory)
xcrun: error: unable to find utility "ctfmerge", not a developer tool or in PATH
xcrun: error: sh -c '/Applications/Xcode_26.6.app/Contents/Developer/usr/bin/xcodebuild -sdk /Applications/Xcode_26.6.app/Contents/Developer/Platforms/MacOSX.platform/Developer/SDKs/MacOSX26.5.sdk -find ctfconvert 2> /dev/null' failed with exit code 17664: (null) (errno=No such file or directory)
xcrun: error: unable to find utility "ctfconvert", not a developer tool or in PATH
xcrun: error: sh -c '/Applications/Xcode_26.6.app/Contents/Developer/usr/bin/xcodebuild -sdk /Applications/Xcode_26.6.app/Contents/Developer/Platforms/MacOSX.platform/Developer/SDKs/MacOSX26.5.sdk -find ctfconvert 2> /dev/null' failed with exit code 17664: (null) (errno=No such file or directory)
xcrun: error: unable to find utility "ctfconvert", not a developer tool or in PATH
xcrun: error: sh -c '/Applications/Xcode_26.6.app/Contents/Developer/usr/bin/xcodebuild -sdk /Applications/Xcode_26.6.app/Contents/Developer/Platforms/MacOSX.platform/Developer/SDKs/MacOSX26.5.sdk -find ctfconvert 2> /dev/null' failed with exit code 17664: (null) (errno=No such file or directory)
xcrun: error: unable to find utility "ctfconvert", not a developer tool or in PATH
xcrun: error: sh -c '/Applications/Xcode_26.6.app/Contents/Developer/usr/bin/xcodebuild -sdk /Applications/Xcode_26.6.app/Contents/Developer/Platforms/MacOSX.platform/Developer/SDKs/MacOSX26.5.sdk -find ctfmerge 2> /dev/null' failed with exit code 17664: (null) (errno=No such file or directory)
xcrun: error: unable to find utility "ctfmerge", not a developer tool or in PATH
xcrun: error: sh -c '/Applications/Xcode_26.6.app/Contents/Developer/usr/bin/xcodebuild -sdk /Applications/Xcode_26.6.app/Contents/Developer/Platforms/MacOSX.platform/Developer/SDKs/MacOSX26.5.sdk -find ctfmerge 2> /dev/null' failed with exit code 17664: (null) (errno=No such file or directory)
xcrun: error: unable to find utility "ctfmerge", not a developer tool or in PATH
xcrun: error: sh -c '/Applications/Xcode_26.6.app/Contents/Developer/usr/bin/xcodebuild -sdk /Applications/Xcode_26.6.app/Contents/Developer/Platforms/MacOSX.platform/Developer/SDKs/MacOSX26.5.sdk -find ctfmerge 2> /dev/null' failed with exit code 17664: (null) (errno=No such file or directory)
xcrun: error: unable to find utility "ctfmerge", not a developer tool or in PATH
xcrun: error: sh -c '/Applications/Xcode_26.6.app/Contents/Developer/usr/bin/xcodebuild -sdk /Applications/Xcode_26.6.app/Contents/Developer/Platforms/MacOSX.platform/Developer/SDKs/MacOSX26.5.sdk -find ctfconvert 2> /dev/null' failed with exit code 17664: (null) (errno=No such file or directory)
xcrun: error: unable to find utility "ctfconvert", not a developer tool or in PATH
xcrun: error: sh -c '/Applications/Xcode_26.6.app/Contents/Developer/usr/bin/xcodebuild -sdk /Applications/Xcode_26.6.app/Contents/Developer/Platforms/MacOSX.platform/Developer/SDKs/MacOSX26.5.sdk -find ctfconvert 2> /dev/null' failed with exit code 17664: (null) (errno=No such file or directory)
xcrun: error: unable to find utility "ctfconvert", not a developer tool or in PATH
xcrun: error: sh -c '/Applications/Xcode_26.6.app/Contents/Developer/usr/bin/xcodebuild -sdk /Applications/Xcode_26.6.app/Contents/Developer/Platforms/MacOSX.platform/Developer/SDKs/MacOSX26.5.sdk -find ctfconvert 2> /dev/null' failed with exit code 17664: (null) (errno=No such file or directory)
xcrun: error: unable to find utility "ctfconvert", not a developer tool or in PATH
xcrun: error: sh -c '/Applications/Xcode_26.6.app/Contents/Developer/usr/bin/xcodebuild -sdk /Applications/Xcode_26.6.app/Contents/Developer/Platforms/MacOSX.platform/Developer/SDKs/MacOSX26.5.sdk -find ctfmerge 2> /dev/null' failed with exit code 17664: (null) (errno=No such file or directory)
xcrun: error: unable to find utility "ctfmerge", not a developer tool or in PATH
xcrun: error: sh -c '/Applications/Xcode_26.6.app/Contents/Developer/usr/bin/xcodebuild -sdk /Applications/Xcode_26.6.app/Contents/Developer/Platforms/MacOSX.platform/Developer/SDKs/MacOSX26.5.sdk -find ctfmerge 2> /dev/null' failed with exit code 17664: (null) (errno=No such file or directory)
xcrun: error: unable to find utility "ctfmerge", not a developer tool or in PATH
xcrun: error: sh -c '/Applications/Xcode_26.6.app/Contents/Developer/usr/bin/xcodebuild -sdk /Applications/Xcode_26.6.app/Contents/Developer/Platforms/MacOSX.platform/Developer/SDKs/MacOSX26.5.sdk -find ctfmerge 2> /dev/null' failed with exit code 17664: (null) (errno=No such file or directory)
xcrun: error: unable to find utility "ctfmerge", not a developer tool or in PATH
xcrun: error: sh -c '/Applications/Xcode_26.6.app/Contents/Developer/usr/bin/xcodebuild -sdk /Applications/Xcode_26.6.app/Contents/Developer/Platforms/MacOSX.platform/Developer/SDKs/MacOSX26.5.sdk -find ctfconvert 2> /dev/null' failed with exit code 17664: (null) (errno=No such file or directory)
xcrun: error: unable to find utility "ctfconvert", not a developer tool or in PATH
xcrun: error: sh -c '/Applications/Xcode_26.6.app/Contents/Developer/usr/bin/xcodebuild -sdk /Applications/Xcode_26.6.app/Contents/Developer/Platforms/MacOSX.platform/Developer/SDKs/MacOSX26.5.sdk -find ctfconvert 2> /dev/null' failed with exit code 17664: (null) (errno=No such file or directory)
xcrun: error: unable to find utility "ctfconvert", not a developer tool or in PATH
xcrun: error: sh -c '/Applications/Xcode_26.6.app/Contents/Developer/usr/bin/xcodebuild -sdk /Applications/Xcode_26.6.app/Contents/Developer/Platforms/MacOSX.platform/Developer/SDKs/MacOSX26.5.sdk -find ctfconvert 2> /dev/null' failed with exit code 17664: (null) (errno=No such file or directory)
xcrun: error: unable to find utility "ctfconvert", not a developer tool or in PATH
xcrun: error: sh -c '/Applications/Xcode_26.6.app/Contents/Developer/usr/bin/xcodebuild -sdk /Applications/Xcode_26.6.app/Contents/Developer/Platforms/MacOSX.platform/Developer/SDKs/MacOSX26.5.sdk -find ctfmerge 2> /dev/null' failed with exit code 17664: (null) (errno=No such file or directory)
xcrun: error: unable to find utility "ctfmerge", not a developer tool or in PATH
xcrun: error: sh -c '/Applications/Xcode_26.6.app/Contents/Developer/usr/bin/xcodebuild -sdk /Applications/Xcode_26.6.app/Contents/Developer/Platforms/MacOSX.platform/Developer/SDKs/MacOSX26.5.sdk -find ctfmerge 2> /dev/null' failed with exit code 17664: (null) (errno=No such file or directory)
xcrun: error: unable to find utility "ctfmerge", not a developer tool or in PATH
xcrun: error: sh -c '/Applications/Xcode_26.6.app/Contents/Developer/usr/bin/xcodebuild -sdk /Applications/Xcode_26.6.app/Contents/Developer/Platforms/MacOSX.platform/Developer/SDKs/MacOSX26.5.sdk -find ctfmerge 2> /dev/null' failed with exit code 17664: (null) (errno=No such file or directory)
xcrun: error: unable to find utility "ctfmerge", not a developer tool or in PATH
xcrun: error: sh -c '/Applications/Xcode_26.6.app/Contents/Developer/usr/bin/xcodebuild -sdk /Applications/Xcode_26.6.app/Contents/Developer/Platforms/MacOSX.platform/Developer/SDKs/MacOSX26.5.sdk -find ctfconvert 2> /dev/null' failed with exit code 17664: (null) (errno=No such file or directory)
xcrun: error: unable to find utility "ctfconvert", not a developer tool or in PATH
xcrun: error: sh -c '/Applications/Xcode_26.6.app/Contents/Developer/usr/bin/xcodebuild -sdk /Applications/Xcode_26.6.app/Contents/Developer/Platforms/MacOSX.platform/Developer/SDKs/MacOSX26.5.sdk -find ctfconvert 2> /dev/null' failed with exit code 17664: (null) (errno=No such file or directory)
xcrun: error: unable to find utility "ctfconvert", not a developer tool or in PATH
xcrun: error: sh -c '/Applications/Xcode_26.6.app/Contents/Developer/usr/bin/xcodebuild -sdk /Applications/Xcode_26.6.app/Contents/Developer/Platforms/MacOSX.platform/Developer/SDKs/MacOSX26.5.sdk -find ctfconvert 2> /dev/null' failed with exit code 17664: (null) (errno=No such file or directory)
xcrun: error: unable to find utility "ctfconvert", not a developer tool or in PATH
xcrun: error: sh -c '/Applications/Xcode_26.6.app/Contents/Developer/usr/bin/xcodebuild -sdk /Applications/Xcode_26.6.app/Contents/Developer/Platforms/MacOSX.platform/Developer/SDKs/MacOSX26.5.sdk -find ctfmerge 2> /dev/null' failed with exit code 17664: (null) (errno=No such file or directory)
xcrun: error: unable to find utility "ctfmerge", not a developer tool or in PATH
xcrun: error: sh -c '/Applications/Xcode_26.6.app/Contents/Developer/usr/bin/xcodebuild -sdk /Applications/Xcode_26.6.app/Contents/Developer/Platforms/MacOSX.platform/Developer/SDKs/MacOSX26.5.sdk -find ctfmerge 2> /dev/null' failed with exit code 17664: (null) (errno=No such file or directory)
xcrun: error: unable to find utility "ctfmerge", not a developer tool or in PATH
xcrun: error: sh -c '/Applications/Xcode_26.6.app/Contents/Developer/usr/bin/xcodebuild -sdk /Applications/Xcode_26.6.app/Contents/Developer/Platforms/MacOSX.platform/Developer/SDKs/MacOSX26.5.sdk -find ctfmerge 2> /dev/null' failed with exit code 17664: (null) (errno=No such file or directory)
xcrun: error: unable to find utility "ctfmerge", not a developer tool or in PATH
xcrun: error: sh -c '/Applications/Xcode_26.6.app/Contents/Developer/usr/bin/xcodebuild -sdk /Applications/Xcode_26.6.app/Contents/Developer/Platforms/MacOSX.platform/Developer/SDKs/MacOSX26.5.sdk -find ctfconvert 2> /dev/null' failed with exit code 17664: (null) (errno=No such file or directory)
xcrun: error: unable to find utility "ctfconvert", not a developer tool or in PATH
xcrun: error: sh -c '/Applications/Xcode_26.6.app/Contents/Developer/usr/bin/xcodebuild -sdk /Applications/Xcode_26.6.app/Contents/Developer/Platforms/MacOSX.platform/Developer/SDKs/MacOSX26.5.sdk -find ctfconvert 2> /dev/null' failed with exit code 17664: (null) (errno=No such file or directory)
xcrun: error: unable to find utility "ctfconvert", not a developer tool or in PATH
xcrun: error: sh -c '/Applications/Xcode_26.6.app/Contents/Developer/usr/bin/xcodebuild -sdk /Applications/Xcode_26.6.app/Contents/Developer/Platforms/MacOSX.platform/Developer/SDKs/MacOSX26.5.sdk -find ctfconvert 2> /dev/null' failed with exit code 17664: (null) (errno=No such file or directory)
xcrun: error: unable to find utility "ctfconvert", not a developer tool or in PATH
xcrun: error: sh -c '/Applications/Xcode_26.6.app/Contents/Developer/usr/bin/xcodebuild -sdk /Applications/Xcode_26.6.app/Contents/Developer/Platforms/MacOSX.platform/Developer/SDKs/MacOSX26.5.sdk -find ctfmerge 2> /dev/null' failed with exit code 17664: (null) (errno=No such file or directory)
xcrun: error: unable to find utility "ctfmerge", not a developer tool or in PATH
xcrun: error: sh -c '/Applications/Xcode_26.6.app/Contents/Developer/usr/bin/xcodebuild -sdk /Applications/Xcode_26.6.app/Contents/Developer/Platforms/MacOSX.platform/Developer/SDKs/MacOSX26.5.sdk -find ctfmerge 2> /dev/null' failed with exit code 17664: (null) (errno=No such file or directory)
xcrun: error: unable to find utility "ctfmerge", not a developer tool or in PATH
xcrun: error: sh -c '/Applications/Xcode_26.6.app/Contents/Developer/usr/bin/xcodebuild -sdk /Applications/Xcode_26.6.app/Contents/Developer/Platforms/MacOSX.platform/Developer/SDKs/MacOSX26.5.sdk -find ctfmerge 2> /dev/null' failed with exit code 17664: (null) (errno=No such file or directory)
xcrun: error: unable to find utility "ctfmerge", not a developer tool or in PATH
xcrun: error: sh -c '/Applications/Xcode_26.6.app/Contents/Developer/usr/bin/xcodebuild -sdk /Applications/Xcode_26.6.app/Contents/Developer/Platforms/MacOSX.platform/Developer/SDKs/MacOSX26.5.sdk -find ctfconvert 2> /dev/null' failed with exit code 17664: (null) (errno=No such file or directory)
xcrun: error: unable to find utility "ctfconvert", not a developer tool or in PATH
xcrun: error: sh -c '/Applications/Xcode_26.6.app/Contents/Developer/usr/bin/xcodebuild -sdk /Applications/Xcode_26.6.app/Contents/Developer/Platforms/MacOSX.platform/Developer/SDKs/MacOSX26.5.sdk -find ctfconvert 2> /dev/null' failed with exit code 17664: (null) (errno=No such file or directory)
xcrun: error: unable to find utility "ctfconvert", not a developer tool or in PATH
xcrun: error: sh -c '/Applications/Xcode_26.6.app/Contents/Developer/usr/bin/xcodebuild -sdk /Applications/Xcode_26.6.app/Contents/Developer/Platforms/MacOSX.platform/Developer/SDKs/MacOSX26.5.sdk -find ctfconvert 2> /dev/null' failed with exit code 17664: (null) (errno=No such file or directory)
xcrun: error: unable to find utility "ctfconvert", not a developer tool or in PATH
xcrun: error: sh -c '/Applications/Xcode_26.6.app/Contents/Developer/usr/bin/xcodebuild -sdk /Applications/Xcode_26.6.app/Contents/Developer/Platforms/MacOSX.platform/Developer/SDKs/MacOSX26.5.sdk -find ctfmerge 2> /dev/null' failed with exit code 17664: (null) (errno=No such file or directory)
xcrun: error: unable to find utility "ctfmerge", not a developer tool or in PATH
xcrun: error: sh -c '/Applications/Xcode_26.6.app/Contents/Developer/usr/bin/xcodebuild -sdk /Applications/Xcode_26.6.app/Contents/Developer/Platforms/MacOSX.platform/Developer/SDKs/MacOSX26.5.sdk -find ctfmerge 2> /dev/null' failed with exit code 17664: (null) (errno=No such file or directory)
xcrun: error: unable to find utility "ctfmerge", not a developer tool or in PATH
xcrun: error: sh -c '/Applications/Xcode_26.6.app/Contents/Developer/usr/bin/xcodebuild -sdk /Applications/Xcode_26.6.app/Contents/Developer/Platforms/MacOSX.platform/Developer/SDKs/MacOSX26.5.sdk -find ctfmerge 2> /dev/null' failed with exit code 17664: (null) (errno=No such file or directory)
xcrun: error: unable to find utility "ctfmerge", not a developer tool or in PATH
xcrun: error: sh -c '/Applications/Xcode_26.6.app/Contents/Developer/usr/bin/xcodebuild -sdk /Applications/Xcode_26.6.app/Contents/Developer/Platforms/MacOSX.platform/Developer/SDKs/MacOSX26.5.sdk -find ctfconvert 2> /dev/null' failed with exit code 17664: (null) (errno=No such file or directory)
xcrun: error: unable to find utility "ctfconvert", not a developer tool or in PATH
xcrun: error: sh -c '/Applications/Xcode_26.6.app/Contents/Developer/usr/bin/xcodebuild -sdk /Applications/Xcode_26.6.app/Contents/Developer/Platforms/MacOSX.platform/Developer/SDKs/MacOSX26.5.sdk -find ctfconvert 2> /dev/null' failed with exit code 17664: (null) (errno=No such file or directory)
xcrun: error: unable to find utility "ctfconvert", not a developer tool or in PATH
xcrun: error: sh -c '/Applications/Xcode_26.6.app/Contents/Developer/usr/bin/xcodebuild -sdk /Applications/Xcode_26.6.app/Contents/Developer/Platforms/MacOSX.platform/Developer/SDKs/MacOSX26.5.sdk -find ctfconvert 2> /dev/null' failed with exit code 17664: (null) (errno=No such file or directory)
xcrun: error: unable to find utility "ctfconvert", not a developer tool or in PATH
xcrun: error: sh -c '/Applications/Xcode_26.6.app/Contents/Developer/usr/bin/xcodebuild -sdk /Applications/Xcode_26.6.app/Contents/Developer/Platforms/MacOSX.platform/Developer/SDKs/MacOSX26.5.sdk -find ctfmerge 2> /dev/null' failed with exit code 17664: (null) (errno=No such file or directory)
xcrun: error: unable to find utility "ctfmerge", not a developer tool or in PATH
xcrun: error: sh -c '/Applications/Xcode_26.6.app/Contents/Developer/usr/bin/xcodebuild -sdk /Applications/Xcode_26.6.app/Contents/Developer/Platforms/MacOSX.platform/Developer/SDKs/MacOSX26.5.sdk -find ctfmerge 2> /dev/null' failed with exit code 17664: (null) (errno=No such file or directory)
xcrun: error: unable to find utility "ctfmerge", not a developer tool or in PATH
xcrun: error: sh -c '/Applications/Xcode_26.6.app/Contents/Developer/usr/bin/xcodebuild -sdk /Applications/Xcode_26.6.app/Contents/Developer/Platforms/MacOSX.platform/Developer/SDKs/MacOSX26.5.sdk -find ctfconvert 2> /dev/null' failed with exit code 17664: (null) (errno=No such file or directory)
xcrun: error: unable to find utility "ctfconvert", not a developer tool or in PATH
xcrun: error: sh -c '/Applications/Xcode_26.6.app/Contents/Developer/usr/bin/xcodebuild -sdk /Applications/Xcode_26.6.app/Contents/Developer/Platforms/MacOSX.platform/Developer/SDKs/MacOSX26.5.sdk -find ctfmerge 2> /dev/null' failed with exit code 17664: (null) (errno=No such file or directory)
xcrun: error: unable to find utility "ctfmerge", not a developer tool or in PATH
xcrun: error: sh -c '/Applications/Xcode_26.6.app/Contents/Developer/usr/bin/xcodebuild -sdk /Applications/Xcode_26.6.app/Contents/Developer/Platforms/MacOSX.platform/Developer/SDKs/MacOSX26.5.sdk -find ctfconvert 2> /dev/null' failed with exit code 17664: (null) (errno=No such file or directory)
xcrun: error: unable to find utility "ctfconvert", not a developer tool or in PATH
xcrun: error: sh -c '/Applications/Xcode_26.6.app/Contents/Developer/usr/bin/xcodebuild -sdk /Applications/Xcode_26.6.app/Contents/Developer/Platforms/MacOSX.platform/Developer/SDKs/MacOSX26.5.sdk -find ctfmerge 2> /dev/null' failed with exit code 17664: (null) (errno=No such file or directory)
xcrun: error: unable to find utility "ctfmerge", not a developer tool or in PATH
xcrun: error: sh -c '/Applications/Xcode_26.6.app/Contents/Developer/usr/bin/xcodebuild -sdk /Applications/Xcode_26.6.app/Contents/Developer/Platforms/MacOSX.platform/Developer/SDKs/MacOSX26.5.sdk -find ctfconvert 2> /dev/null' failed with exit code 17664: (null) (errno=No such file or directory)
xcrun: error: unable to find utility "ctfconvert", not a developer tool or in PATH
xcrun: error: sh -c '/Applications/Xcode_26.6.app/Contents/Developer/usr/bin/xcodebuild -sdk /Applications/Xcode_26.6.app/Contents/Developer/Platforms/MacOSX.platform/Developer/SDKs/MacOSX26.5.sdk -find ctfmerge 2> /dev/null' failed with exit code 17664: (null) (errno=No such file or directory)
xcrun: error: unable to find utility "ctfmerge", not a developer tool or in PATH
xcrun: error: sh -c '/Applications/Xcode_26.6.app/Contents/Developer/usr/bin/xcodebuild -sdk /Applications/Xcode_26.6.app/Contents/Developer/Platforms/MacOSX.platform/Developer/SDKs/MacOSX26.5.sdk -find ctfconvert 2> /dev/null' failed with exit code 17664: (null) (errno=No such file or directory)
xcrun: error: unable to find utility "ctfconvert", not a developer tool or in PATH
xcrun: error: sh -c '/Applications/Xcode_26.6.app/Contents/Developer/usr/bin/xcodebuild -sdk /Applications/Xcode_26.6.app/Contents/Developer/Platforms/MacOSX.platform/Developer/SDKs/MacOSX26.5.sdk -find ctfmerge 2> /dev/null' failed with exit code 17664: (null) (errno=No such file or directory)
xcrun: error: unable to find utility "ctfmerge", not a developer tool or in PATH
xcrun: error: sh -c '/Applications/Xcode_26.6.app/Contents/Developer/usr/bin/xcodebuild -sdk /Applications/Xcode_26.6.app/Contents/Developer/Platforms/MacOSX.platform/Developer/SDKs/MacOSX26.5.sdk -find ctfconvert 2> /dev/null' failed with exit code 17664: (null) (errno=No such file or directory)
xcrun: error: unable to find utility "ctfconvert", not a developer tool or in PATH
xcrun: error: sh -c '/Applications/Xcode_26.6.app/Contents/Developer/usr/bin/xcodebuild -sdk /Applications/Xcode_26.6.app/Contents/Developer/Platforms/MacOSX.platform/Developer/SDKs/MacOSX26.5.sdk -find ctfmerge 2> /dev/null' failed with exit code 17664: (null) (errno=No such file or directory)
xcrun: error: unable to find utility "ctfmerge", not a developer tool or in PATH
xcrun: error: sh -c '/Applications/Xcode_26.6.app/Contents/Developer/usr/bin/xcodebuild -sdk /Applications/Xcode_26.6.app/Contents/Developer/Platforms/MacOSX.platform/Developer/SDKs/MacOSX26.5.sdk -find ctfconvert 2> /dev/null' failed with exit code 17664: (null) (errno=No such file or directory)
xcrun: error: unable to find utility "ctfconvert", not a developer tool or in PATH
xcrun: error: sh -c '/Applications/Xcode_26.6.app/Contents/Developer/usr/bin/xcodebuild -sdk /Applications/Xcode_26.6.app/Contents/Developer/Platforms/MacOSX.platform/Developer/SDKs/MacOSX26.5.sdk -find ctfmerge 2> /dev/null' failed with exit code 17664: (null) (errno=No such file or directory)
xcrun: error: unable to find utility "ctfmerge", not a developer tool or in PATH
xcrun: error: sh -c '/Applications/Xcode_26.6.app/Contents/Developer/usr/bin/xcodebuild -sdk /Applications/Xcode_26.6.app/Contents/Developer/Platforms/MacOSX.platform/Developer/SDKs/MacOSX26.5.sdk -find ctfmerge 2> /dev/null' failed with exit code 17664: (null) (errno=No such file or directory)
xcrun: error: unable to find utility "ctfmerge", not a developer tool or in PATH
xcrun: error: sh -c '/Applications/Xcode_26.6.app/Contents/Developer/usr/bin/xcodebuild -sdk /Applications/Xcode_26.6.app/Contents/Developer/Platforms/MacOSX.platform/Developer/SDKs/MacOSX26.5.sdk -find ctfconvert 2> /dev/null' failed with exit code 17664: (null) (errno=No such file or directory)
xcrun: error: unable to find utility "ctfconvert", not a developer tool or in PATH
xcrun: error: sh -c '/Applications/Xcode_26.6.app/Contents/Developer/usr/bin/xcodebuild -sdk /Applications/Xcode_26.6.app/Contents/Developer/Platforms/MacOSX.platform/Developer/SDKs/MacOSX26.5.sdk -find ctfconvert 2> /dev/null' failed with exit code 17664: (null) (errno=No such file or directory)
xcrun: error: unable to find utility "ctfconvert", not a developer tool or in PATH
xcrun: error: sh -c '/Applications/Xcode_26.6.app/Contents/Developer/usr/bin/xcodebuild -sdk /Applications/Xcode_26.6.app/Contents/Developer/Platforms/MacOSX.platform/Developer/SDKs/MacOSX26.5.sdk -find ctfmerge 2> /dev/null' failed with exit code 17664: (null) (errno=No such file or directory)
xcrun: error: unable to find utility "ctfmerge", not a developer tool or in PATH
xcrun: error: sh -c '/Applications/Xcode_26.6.app/Contents/Developer/usr/bin/xcodebuild -sdk /Applications/Xcode_26.6.app/Contents/Developer/Platforms/MacOSX.platform/Developer/SDKs/MacOSX26.5.sdk -find ctfconvert 2> /dev/null' failed with exit code 17664: (null) (errno=No such file or directory)
xcrun: error: unable to find utility "ctfconvert", not a developer tool or in PATH
xcrun: error: sh -c '/Applications/Xcode_26.6.app/Contents/Developer/usr/bin/xcodebuild -sdk /Applications/Xcode_26.6.app/Contents/Developer/Platforms/MacOSX.platform/Developer/SDKs/MacOSX26.5.sdk -find ctfmerge 2> /dev/null' failed with exit code 17664: (null) (errno=No such file or directory)
xcrun: error: unable to find utility "ctfmerge", not a developer tool or in PATH
xcrun: error: sh -c '/Applications/Xcode_26.6.app/Contents/Developer/usr/bin/xcodebuild -sdk /Applications/Xcode_26.6.app/Contents/Developer/Platforms/MacOSX.platform/Developer/SDKs/MacOSX26.5.sdk -find ctfconvert 2> /dev/null' failed with exit code 17664: (null) (errno=No such file or directory)
xcrun: error: unable to find utility "ctfconvert", not a developer tool or in PATH
xcrun: error: sh -c '/Applications/Xcode_26.6.app/Contents/Developer/usr/bin/xcodebuild -sdk /Applications/Xcode_26.6.app/Contents/Developer/Platforms/MacOSX.platform/Developer/SDKs/MacOSX26.5.sdk -find ctfmerge 2> /dev/null' failed with exit code 17664: (null) (errno=No such file or directory)
xcrun: error: unable to find utility "ctfmerge", not a developer tool or in PATH
xcrun: error: sh -c '/Applications/Xcode_26.6.app/Contents/Developer/usr/bin/xcodebuild -sdk /Applications/Xcode_26.6.app/Contents/Developer/Platforms/MacOSX.platform/Developer/SDKs/MacOSX26.5.sdk -find ctfconvert 2> /dev/null' failed with exit code 17664: (null) (errno=No such file or directory)
xcrun: error: unable to find utility "ctfconvert", not a developer tool or in PATH
xcrun: error: sh -c '/Applications/Xcode_26.6.app/Contents/Developer/usr/bin/xcodebuild -sdk /Applications/Xcode_26.6.app/Contents/Developer/Platforms/MacOSX.platform/Developer/SDKs/MacOSX26.5.sdk -find ctfmerge 2> /dev/null' failed with exit code 17664: (null) (errno=No such file or directory)
xcrun: error: unable to find utility "ctfmerge", not a developer tool or in PATH
xcrun: error: sh -c '/Applications/Xcode_26.6.app/Contents/Developer/usr/bin/xcodebuild -sdk /Applications/Xcode_26.6.app/Contents/Developer/Platforms/MacOSX.platform/Developer/SDKs/MacOSX26.5.sdk -find ctfconvert 2> /dev/null' failed with exit code 17664: (null) (errno=No such file or directory)
xcrun: error: unable to find utility "ctfconvert", not a developer tool or in PATH
xcrun: error: sh -c '/Applications/Xcode_26.6.app/Contents/Developer/usr/bin/xcodebuild -sdk /Applications/Xcode_26.6.app/Contents/Developer/Platforms/MacOSX.platform/Developer/SDKs/MacOSX26.5.sdk -find ctfmerge 2> /dev/null' failed with exit code 17664: (null) (errno=No such file or directory)
xcrun: error: unable to find utility "ctfmerge", not a developer tool or in PATH
xcrun: error: sh -c '/Applications/Xcode_26.6.app/Contents/Developer/usr/bin/xcodebuild -sdk /Applications/Xcode_26.6.app/Contents/Developer/Platforms/MacOSX.platform/Developer/SDKs/MacOSX26.5.sdk -find ctfconvert 2> /dev/null' failed with exit code 17664: (null) (errno=No such file or directory)
xcrun: error: unable to find utility "ctfconvert", not a developer tool or in PATH
xcrun: error: sh -c '/Applications/Xcode_26.6.app/Contents/Developer/usr/bin/xcodebuild -sdk /Applications/Xcode_26.6.app/Contents/Developer/Platforms/MacOSX.platform/Developer/SDKs/MacOSX26.5.sdk -find ctfmerge 2> /dev/null' failed with exit code 17664: (null) (errno=No such file or directory)
xcrun: error: unable to find utility "ctfmerge", not a developer tool or in PATH
xcrun: error: sh -c '/Applications/Xcode_26.6.app/Contents/Developer/usr/bin/xcodebuild -sdk /Applications/Xcode_26.6.app/Contents/Developer/Platforms/MacOSX.platform/Developer/SDKs/MacOSX26.5.sdk -find ctfconvert 2> /dev/null' failed with exit code 17664: (null) (errno=No such file or directory)
xcrun: error: unable to find utility "ctfconvert", not a developer tool or in PATH
xcrun: error: sh -c '/Applications/Xcode_26.6.app/Contents/Developer/usr/bin/xcodebuild -sdk /Applications/Xcode_26.6.app/Contents/Developer/Platforms/MacOSX.platform/Developer/SDKs/MacOSX26.5.sdk -find ctfmerge 2> /dev/null' failed with exit code 17664: (null) (errno=No such file or directory)
xcrun: error: unable to find utility "ctfmerge", not a developer tool or in PATH
xcrun: error: sh -c '/Applications/Xcode_26.6.app/Contents/Developer/usr/bin/xcodebuild -sdk /Applications/Xcode_26.6.app/Contents/Developer/Platforms/MacOSX.platform/Developer/SDKs/MacOSX26.5.sdk -find ctfmerge 2> /dev/null' failed with exit code 17664: (null) (errno=No such file or directory)
xcrun: error: unable to find utility "ctfmerge", not a developer tool or in PATH
xcrun: error: sh -c '/Applications/Xcode_26.6.app/Contents/Developer/usr/bin/xcodebuild -sdk /Applications/Xcode_26.6.app/Contents/Developer/Platforms/MacOSX.platform/Developer/SDKs/MacOSX26.5.sdk -find ctfconvert 2> /dev/null' failed with exit code 17664: (null) (errno=No such file or directory)
xcrun: error: unable to find utility "ctfconvert", not a developer tool or in PATH
xcrun: error: sh -c '/Applications/Xcode_26.6.app/Contents/Developer/usr/bin/xcodebuild -sdk /Applications/Xcode_26.6.app/Contents/Developer/Platforms/MacOSX.platform/Developer/SDKs/MacOSX26.5.sdk -find ctfconvert 2> /dev/null' failed with exit code 17664: (null) (errno=No such file or directory)
xcrun: error: unable to find utility "ctfconvert", not a developer tool or in PATH
xcrun: error: sh -c '/Applications/Xcode_26.6.app/Contents/Developer/usr/bin/xcodebuild -sdk /Applications/Xcode_26.6.app/Contents/Developer/Platforms/MacOSX.platform/Developer/SDKs/MacOSX26.5.sdk -find ctfmerge 2> /dev/null' failed with exit code 17664: (null) (errno=No such file or directory)
xcrun: error: unable to find utility "ctfmerge", not a developer tool or in PATH
xcrun: error: sh -c '/Applications/Xcode_26.6.app/Contents/Developer/usr/bin/xcodebuild -sdk /Applications/Xcode_26.6.app/Contents/Developer/Platforms/MacOSX.platform/Developer/SDKs/MacOSX26.5.sdk -find ctfconvert 2> /dev/null' failed with exit code 17664: (null) (errno=No such file or directory)
xcrun: error: unable to find utility "ctfconvert", not a developer tool or in PATH
xcrun: error: sh -c '/Applications/Xcode_26.6.app/Contents/Developer/usr/bin/xcodebuild -sdk /Applications/Xcode_26.6.app/Contents/Developer/Platforms/MacOSX.platform/Developer/SDKs/MacOSX26.5.sdk -find ctfmerge 2> /dev/null' failed with exit code 17664: (null) (errno=No such file or directory)
xcrun: error: unable to find utility "ctfmerge", not a developer tool or in PATH
xcrun: error: sh -c '/Applications/Xcode_26.6.app/Contents/Developer/usr/bin/xcodebuild -sdk /Applications/Xcode_26.6.app/Contents/Developer/Platforms/MacOSX.platform/Developer/SDKs/MacOSX26.5.sdk -find ctfmerge 2> /dev/null' failed with exit code 17664: (null) (errno=No such file or directory)
xcrun: error: unable to find utility "ctfmerge", not a developer tool or in PATH
xcrun: error: sh -c '/Applications/Xcode_26.6.app/Contents/Developer/usr/bin/xcodebuild -sdk /Applications/Xcode_26.6.app/Contents/Developer/Platforms/MacOSX.platform/Developer/SDKs/MacOSX26.5.sdk -find ctfconvert 2> /dev/null' failed with exit code 17664: (null) (errno=No such file or directory)
xcrun: error: unable to find utility "ctfconvert", not a developer tool or in PATH
xcrun: error: sh -c '/Applications/Xcode_26.6.app/Contents/Developer/usr/bin/xcodebuild -sdk /Applications/Xcode_26.6.app/Contents/Developer/Platforms/MacOSX.platform/Developer/SDKs/MacOSX26.5.sdk -find ctfconvert 2> /dev/null' failed with exit code 17664: (null) (errno=No such file or directory)
xcrun: error: unable to find utility "ctfconvert", not a developer tool or in PATH
xcrun: error: sh -c '/Applications/Xcode_26.6.app/Contents/Developer/usr/bin/xcodebuild -sdk /Applications/Xcode_26.6.app/Contents/Developer/Platforms/MacOSX.platform/Developer/SDKs/MacOSX26.5.sdk -find ctfconvert 2> /dev/null' failed with exit code 17664: (null) (errno=No such file or directory)
xcrun: error: unable to find utility "ctfconvert", not a developer tool or in PATH
xcrun: error: sh -c '/Applications/Xcode_26.6.app/Contents/Developer/usr/bin/xcodebuild -sdk /Applications/Xcode_26.6.app/Contents/Developer/Platforms/MacOSX.platform/Developer/SDKs/MacOSX26.5.sdk -find ctfmerge 2> /dev/null' failed with exit code 17664: (null) (errno=No such file or directory)
xcrun: error: unable to find utility "ctfmerge", not a developer tool or in PATH
xcrun: error: sh -c '/Applications/Xcode_26.6.app/Contents/Developer/usr/bin/xcodebuild -sdk /Applications/Xcode_26.6.app/Contents/Developer/Platforms/MacOSX.platform/Developer/SDKs/MacOSX26.5.sdk -find ctfmerge 2> /dev/null' failed with exit code 17664: (null) (errno=No such file or directory)
xcrun: error: unable to find utility "ctfmerge", not a developer tool or in PATH
xcrun: error: sh -c '/Applications/Xcode_26.6.app/Contents/Developer/usr/bin/xcodebuild -sdk /Applications/Xcode_26.6.app/Contents/Developer/Platforms/MacOSX.platform/Developer/SDKs/MacOSX26.5.sdk -find ctfconvert 2> /dev/null' failed with exit code 17664: (null) (errno=No such file or directory)
xcrun: error: unable to find utility "ctfconvert", not a developer tool or in PATH
xcrun: error: sh -c '/Applications/Xcode_26.6.app/Contents/Developer/usr/bin/xcodebuild -sdk /Applications/Xcode_26.6.app/Contents/Developer/Platforms/MacOSX.platform/Developer/SDKs/MacOSX26.5.sdk -find ctfmerge 2> /dev/null' failed with exit code 17664: (null) (errno=No such file or directory)
xcrun: error: unable to find utility "ctfmerge", not a developer tool or in PATH
xcrun: error: sh -c '/Applications/Xcode_26.6.app/Contents/Developer/usr/bin/xcodebuild -sdk /Applications/Xcode_26.6.app/Contents/Developer/Platforms/MacOSX.platform/Developer/SDKs/MacOSX26.5.sdk -find ctfconvert 2> /dev/null' failed with exit code 17664: (null) (errno=No such file or directory)
xcrun: error: unable to find utility "ctfconvert", not a developer tool or in PATH
xcrun: error: sh -c '/Applications/Xcode_26.6.app/Contents/Developer/usr/bin/xcodebuild -sdk /Applications/Xcode_26.6.app/Contents/Developer/Platforms/MacOSX.platform/Developer/SDKs/MacOSX26.5.sdk -find ctfmerge 2> /dev/null' failed with exit code 17664: (null) (errno=No such file or directory)
xcrun: error: unable to find utility "ctfmerge", not a developer tool or in PATH
xcrun: error: sh -c '/Applications/Xcode_26.6.app/Contents/Developer/usr/bin/xcodebuild -sdk /Applications/Xcode_26.6.app/Contents/Developer/Platforms/MacOSX.platform/Developer/SDKs/MacOSX26.5.sdk -find ctfconvert 2> /dev/null' failed with exit code 17664: (null) (errno=No such file or directory)
xcrun: error: unable to find utility "ctfconvert", not a developer tool or in PATH
xcrun: error: sh -c '/Applications/Xcode_26.6.app/Contents/Developer/usr/bin/xcodebuild -sdk /Applications/Xcode_26.6.app/Contents/Developer/Platforms/MacOSX.platform/Developer/SDKs/MacOSX26.5.sdk -find ctfmerge 2> /dev/null' failed with exit code 17664: (null) (errno=No such file or directory)
xcrun: error: unable to find utility "ctfmerge", not a developer tool or in PATH
xcrun: error: sh -c '/Applications/Xcode_26.6.app/Contents/Developer/usr/bin/xcodebuild -sdk /Applications/Xcode_26.6.app/Contents/Developer/Platforms/MacOSX.platform/Developer/SDKs/MacOSX26.5.sdk -find ctfconvert 2> /dev/null' failed with exit code 17664: (null) (errno=No such file or directory)
xcrun: error: unable to find utility "ctfconvert", not a developer tool or in PATH
xcrun: error: sh -c '/Applications/Xcode_26.6.app/Contents/Developer/usr/bin/xcodebuild -sdk /Applications/Xcode_26.6.app/Contents/Developer/Platforms/MacOSX.platform/Developer/SDKs/MacOSX26.5.sdk -find ctfmerge 2> /dev/null' failed with exit code 17664: (null) (errno=No such file or directory)
xcrun: error: unable to find utility "ctfmerge", not a developer tool or in PATH
xcrun: error: sh -c '/Applications/Xcode_26.6.app/Contents/Developer/usr/bin/xcodebuild -sdk /Applications/Xcode_26.6.app/Contents/Developer/Platforms/MacOSX.platform/Developer/SDKs/MacOSX26.5.sdk -find ctfconvert 2> /dev/null' failed with exit code 17664: (null) (errno=No such file or directory)
xcrun: error: unable to find utility "ctfconvert", not a developer tool or in PATH
xcrun: error: sh -c '/Applications/Xcode_26.6.app/Contents/Developer/usr/bin/xcodebuild -sdk /Applications/Xcode_26.6.app/Contents/Developer/Platforms/MacOSX.platform/Developer/SDKs/MacOSX26.5.sdk -find ctfconvert 2> /dev/null' failed with exit code 17664: (null) (errno=No such file or directory)
xcrun: error: unable to find utility "ctfconvert", not a developer tool or in PATH
xcrun: error: sh -c '/Applications/Xcode_26.6.app/Contents/Developer/usr/bin/xcodebuild -sdk /Applications/Xcode_26.6.app/Contents/Developer/Platforms/MacOSX.platform/Developer/SDKs/MacOSX26.5.sdk -find ctfmerge 2> /dev/null' failed with exit code 17664: (null) (errno=No such file or directory)
xcrun: error: unable to find utility "ctfmerge", not a developer tool or in PATH
xcrun: error: sh -c '/Applications/Xcode_26.6.app/Contents/Developer/usr/bin/xcodebuild -sdk /Applications/Xcode_26.6.app/Contents/Developer/Platforms/MacOSX.platform/Developer/SDKs/MacOSX26.5.sdk -find ctfmerge 2> /dev/null' failed with exit code 17664: (null) (errno=No such file or directory)
xcrun: error: unable to find utility "ctfmerge", not a developer tool or in PATH
xcrun: error: sh -c '/Applications/Xcode_26.6.app/Contents/Developer/usr/bin/xcodebuild -sdk /Applications/Xcode_26.6.app/Contents/Developer/Platforms/MacOSX.platform/Developer/SDKs/MacOSX26.5.sdk -find ctfmerge 2> /dev/null' failed with exit code 17664: (null) (errno=No such file or directory)
xcrun: error: unable to find utility "ctfmerge", not a developer tool or in PATH
xcrun: error: sh -c '/Applications/Xcode_26.6.app/Contents/Developer/usr/bin/xcodebuild -sdk /Applications/Xcode_26.6.app/Contents/Developer/Platforms/MacOSX.platform/Developer/SDKs/MacOSX26.5.sdk -find ctfconvert 2> /dev/null' failed with exit code 17664: (null) (errno=No such file or directory)
xcrun: error: unable to find utility "ctfconvert", not a developer tool or in PATH
xcrun: error: sh -c '/Applications/Xcode_26.6.app/Contents/Developer/usr/bin/xcodebuild -sdk /Applications/Xcode_26.6.app/Contents/Developer/Platforms/MacOSX.platform/Developer/SDKs/MacOSX26.5.sdk -find ctfconvert 2> /dev/null' failed with exit code 17664: (null) (errno=No such file or directory)
xcrun: error: unable to find utility "ctfconvert", not a developer tool or in PATH
xcrun: error: sh -c '/Applications/Xcode_26.6.app/Contents/Developer/usr/bin/xcodebuild -sdk /Applications/Xcode_26.6.app/Contents/Developer/Platforms/MacOSX.platform/Developer/SDKs/MacOSX26.5.sdk -find ctfconvert 2> /dev/null' failed with exit code 17664: (null) (errno=No such file or directory)
xcrun: error: unable to find utility "ctfconvert", not a developer tool or in PATH
xcrun: error: sh -c '/Applications/Xcode_26.6.app/Contents/Developer/usr/bin/xcodebuild -sdk /Applications/Xcode_26.6.app/Contents/Developer/Platforms/MacOSX.platform/Developer/SDKs/MacOSX26.5.sdk -find ctfmerge 2> /dev/null' failed with exit code 17664: (null) (errno=No such file or directory)
xcrun: error: unable to find utility "ctfmerge", not a developer tool or in PATH
xcrun: error: sh -c '/Applications/Xcode_26.6.app/Contents/Developer/usr/bin/xcodebuild -sdk /Applications/Xcode_26.6.app/Contents/Developer/Platforms/MacOSX.platform/Developer/SDKs/MacOSX26.5.sdk -find ctfmerge 2> /dev/null' failed with exit code 17664: (null) (errno=No such file or directory)
xcrun: error: unable to find utility "ctfmerge", not a developer tool or in PATH
xcrun: error: sh -c '/Applications/Xcode_26.6.app/Contents/Developer/usr/bin/xcodebuild -sdk /Applications/Xcode_26.6.app/Contents/Developer/Platforms/MacOSX.platform/Developer/SDKs/MacOSX26.5.sdk -find ctfmerge 2> /dev/null' failed with exit code 17664: (null) (errno=No such file or directory)
xcrun: error: unable to find utility "ctfmerge", not a developer tool or in PATH
xcrun: error: sh -c '/Applications/Xcode_26.6.app/Contents/Developer/usr/bin/xcodebuild -sdk /Applications/Xcode_26.6.app/Contents/Developer/Platforms/MacOSX.platform/Developer/SDKs/MacOSX26.5.sdk -find ctfconvert 2> /dev/null' failed with exit code 17664: (null) (errno=No such file or directory)
xcrun: error: unable to find utility "ctfconvert", not a developer tool or in PATH
xcrun: error: sh -c '/Applications/Xcode_26.6.app/Contents/Developer/usr/bin/xcodebuild -sdk /Applications/Xcode_26.6.app/Contents/Developer/Platforms/MacOSX.platform/Developer/SDKs/MacOSX26.5.sdk -find ctfconvert 2> /dev/null' failed with exit code 17664: (null) (errno=No such file or directory)
xcrun: error: unable to find utility "ctfconvert", not a developer tool or in PATH
xcrun: error: sh -c '/Applications/Xcode_26.6.app/Contents/Developer/usr/bin/xcodebuild -sdk /Applications/Xcode_26.6.app/Contents/Developer/Platforms/MacOSX.platform/Developer/SDKs/MacOSX26.5.sdk -find ctfconvert 2> /dev/null' failed with exit code 17664: (null) (errno=No such file or directory)
xcrun: error: unable to find utility "ctfconvert", not a developer tool or in PATH
xcrun: error: sh -c '/Applications/Xcode_26.6.app/Contents/Developer/usr/bin/xcodebuild -sdk /Applications/Xcode_26.6.app/Contents/Developer/Platforms/MacOSX.platform/Developer/SDKs/MacOSX26.5.sdk -find ctfmerge 2> /dev/null' failed with exit code 17664: (null) (errno=No such file or directory)
xcrun: error: unable to find utility "ctfmerge", not a developer tool or in PATH
MIG clock.h
MIG clock_priv.h
MIG host_priv.h
MIG host_security.h
xcrun: error: sh -c '/Applications/Xcode_26.6.app/Contents/Developer/usr/bin/xcodebuild -sdk /Applications/Xcode_26.6.app/Contents/Developer/Platforms/MacOSX.platform/Developer/SDKs/MacOSX26.5.sdk -find ctfmerge 2> /dev/null' failed with exit code 17664: (null) (errno=No such file or directory)
xcrun: error: unable to find utility "ctfmerge", not a developer tool or in PATH
MIG ktrace_background.h
MIG lock_set.h
xcrun: error: sh -c '/Applications/Xcode_26.6.app/Contents/Developer/usr/bin/xcodebuild -sdk /Applications/Xcode_26.6.app/Contents/Developer/Platforms/MacOSX.platform/Developer/SDKs/MacOSX26.5.sdk -find ctfmerge 2> /dev/null' failed with exit code 17664: (null) (errno=No such file or directory)
xcrun: error: unable to find utility "ctfmerge", not a developer tool or in PATH
MIG mach_host.h
MIG mach_port.h
MIG mach_vm.h
MIG mach_voucher.h
xcrun: error: sh -c '/Applications/Xcode_26.6.app/Contents/Developer/usr/bin/xcodebuild -sdk /Applications/Xcode_26.6.app/Contents/Developer/Platforms/MacOSX.platform/Developer/SDKs/MacOSX26.5.sdk -find ctfconvert 2> /dev/null' failed with exit code 17664: (null) (errno=No such file or directory)
xcrun: error: unable to find utility "ctfconvert", not a developer tool or in PATH
MIG mach_voucher_attr_control.h
MIG memory_object_control.h
MIG processor.h
xcrun: error: sh -c '/Applications/Xcode_26.6.app/Contents/Developer/usr/bin/xcodebuild -sdk /Applications/Xcode_26.6.app/Contents/Developer/Platforms/MacOSX.platform/Developer/SDKs/MacOSX26.5.sdk -find ctfconvert 2> /dev/null' failed with exit code 17664: (null) (errno=No such file or directory)
xcrun: error: unable to find utility "ctfconvert", not a developer tool or in PATH
MIG processor_set.h
MIG task.h
MIG task_access.h
MIG thread_act.h
MIG upl.h
MIG vm_map.h
MIG audit_triggers_server.h
MIG clock_reply_server.h
xcrun: error: sh -c '/Applications/Xcode_26.6.app/Contents/Developer/usr/bin/xcodebuild -sdk /Applications/Xcode_26.6.app/Contents/Developer/Platforms/MacOSX.platform/Developer/SDKs/MacOSX26.5.sdk -find ctfmerge 2> /dev/null' failed with exit code 17664: (null) (errno=No such file or directory)
xcrun: error: unable to find utility "ctfmerge", not a developer tool or in PATH
MIG coalition_notification_server.h
MIG exc_server.h
MIG mach_exc_server.h
xcrun: error: sh -c '/Applications/Xcode_26.6.app/Contents/Developer/usr/bin/xcodebuild -sdk /Applications/Xcode_26.6.app/Contents/Developer/Platforms/MacOSX.platform/Developer/SDKs/MacOSX26.5.sdk -find ctfmerge 2> /dev/null' failed with exit code 17664: (null) (errno=No such file or directory)
xcrun: error: unable to find utility "ctfmerge", not a developer tool or in PATH
MIG memory_object_default_server.h
MIG notify_server.h
MIG task_access_server.h
MIG telemetry_notification_server.h
xcrun: error: sh -c '/Applications/Xcode_26.6.app/Contents/Developer/usr/bin/xcodebuild -sdk /Applications/Xcode_26.6.app/Contents/Developer/Platforms/MacOSX.platform/Developer/SDKs/MacOSX26.5.sdk -find ctfconvert 2> /dev/null' failed with exit code 17664: (null) (errno=No such file or directory)
xcrun: error: unable to find utility "ctfconvert", not a developer tool or in PATH
MIG sysdiagnose_notification_server.h
xcrun: error: sh -c '/Applications/Xcode_26.6.app/Contents/Developer/usr/bin/xcodebuild -sdk /Applications/Xcode_26.6.app/Contents/Developer/Platforms/MacOSX.platform/Developer/SDKs/MacOSX26.5.sdk -find ctfconvert 2> /dev/null' failed with exit code 17664: (null) (errno=No such file or directory)
xcrun: error: unable to find utility "ctfconvert", not a developer tool or in PATH
xcrun: error: sh -c '/Applications/Xcode_26.6.app/Contents/Developer/usr/bin/xcodebuild -sdk /Applications/Xcode_26.6.app/Contents/Developer/Platforms/MacOSX.platform/Developer/SDKs/MacOSX26.5.sdk -find ctfmerge 2> /dev/null' failed with exit code 17664: (null) (errno=No such file or directory)
xcrun: error: unable to find utility "ctfmerge", not a developer tool or in PATH
xcrun: error: sh -c '/Applications/Xcode_26.6.app/Contents/Developer/usr/bin/xcodebuild -sdk /Applications/Xcode_26.6.app/Contents/Developer/Platforms/MacOSX.platform/Developer/SDKs/MacOSX26.5.sdk -find ctfmerge 2> /dev/null' failed with exit code 17664: (null) (errno=No such file or directory)
xcrun: error: unable to find utility "ctfmerge", not a developer tool or in PATH
xcrun: error: sh -c '/Applications/Xcode_26.6.app/Contents/Developer/usr/bin/xcodebuild -sdk /Applications/Xcode_26.6.app/Contents/Developer/Platforms/MacOSX.platform/Developer/SDKs/MacOSX26.5.sdk -find ctfconvert 2> /dev/null' failed with exit code 17664: (null) (errno=No such file or directory)
xcrun: error: unable to find utility "ctfconvert", not a developer tool or in PATH
xcrun: error: sh -c '/Applications/Xcode_26.6.app/Contents/Developer/usr/bin/xcodebuild -sdk /Applications/Xcode_26.6.app/Contents/Developer/Platforms/MacOSX.platform/Developer/SDKs/MacOSX26.5.sdk -find ctfconvert 2> /dev/null' failed with exit code 17664: (null) (errno=No such file or directory)
xcrun: error: unable to find utility "ctfconvert", not a developer tool or in PATH
xcrun: error: sh -c '/Applications/Xcode_26.6.app/Contents/Developer/usr/bin/xcodebuild -sdk /Applications/Xcode_26.6.app/Contents/Developer/Platforms/MacOSX.platform/Developer/SDKs/MacOSX26.5.sdk -find ctfconvert 2> /dev/null' failed with exit code 17664: (null) (errno=No such file or directory)
xcrun: error: unable to find utility "ctfconvert", not a developer tool or in PATH
xcrun: error: sh -c '/Applications/Xcode_26.6.app/Contents/Developer/usr/bin/xcodebuild -sdk /Applications/Xcode_26.6.app/Contents/Developer/Platforms/MacOSX.platform/Developer/SDKs/MacOSX26.5.sdk -find ctfmerge 2> /dev/null' failed with exit code 17664: (null) (errno=No such file or directory)
xcrun: error: unable to find utility "ctfmerge", not a developer tool or in PATH
xcrun: error: sh -c '/Applications/Xcode_26.6.app/Contents/Developer/usr/bin/xcodebuild -sdk /Applications/Xcode_26.6.app/Contents/Developer/Platforms/MacOSX.platform/Developer/SDKs/MacOSX26.5.sdk -find ctfmerge 2> /dev/null' failed with exit code 17664: (null) (errno=No such file or directory)
xcrun: error: unable to find utility "ctfmerge", not a developer tool or in PATH
xcrun: error: sh -c '/Applications/Xcode_26.6.app/Contents/Developer/usr/bin/xcodebuild -sdk /Applications/Xcode_26.6.app/Contents/Developer/Platforms/MacOSX.platform/Developer/SDKs/MacOSX26.5.sdk -find ctfmerge 2> /dev/null' failed with exit code 17664: (null) (errno=No such file or directory)
xcrun: error: unable to find utility "ctfmerge", not a developer tool or in PATH
xcrun: error: sh -c '/Applications/Xcode_26.6.app/Contents/Developer/usr/bin/xcodebuild -sdk /Applications/Xcode_26.6.app/Contents/Developer/Platforms/MacOSX.platform/Developer/SDKs/MacOSX26.5.sdk -find ctfconvert 2> /dev/null' failed with exit code 17664: (null) (errno=No such file or directory)
xcrun: error: unable to find utility "ctfconvert", not a developer tool or in PATH
xcrun: error: sh -c '/Applications/Xcode_26.6.app/Contents/Developer/usr/bin/xcodebuild -sdk /Applications/Xcode_26.6.app/Contents/Developer/Platforms/MacOSX.platform/Developer/SDKs/MacOSX26.5.sdk -find ctfconvert 2> /dev/null' failed with exit code 17664: (null) (errno=No such file or directory)
xcrun: error: unable to find utility "ctfconvert", not a developer tool or in PATH
xcrun: error: sh -c '/Applications/Xcode_26.6.app/Contents/Developer/usr/bin/xcodebuild -sdk /Applications/Xcode_26.6.app/Contents/Developer/Platforms/MacOSX.platform/Developer/SDKs/MacOSX26.5.sdk -find ctfconvert 2> /dev/null' failed with exit code 17664: (null) (errno=No such file or directory)
xcrun: error: unable to find utility "ctfconvert", not a developer tool or in PATH
xcrun: error: sh -c '/Applications/Xcode_26.6.app/Contents/Developer/usr/bin/xcodebuild -sdk /Applications/Xcode_26.6.app/Contents/Developer/Platforms/MacOSX.platform/Developer/SDKs/MacOSX26.5.sdk -find ctfmerge 2> /dev/null' failed with exit code 17664: (null) (errno=No such file or directory)
xcrun: error: unable to find utility "ctfmerge", not a developer tool or in PATH
xcrun: error: sh -c '/Applications/Xcode_26.6.app/Contents/Developer/usr/bin/xcodebuild -sdk /Applications/Xcode_26.6.app/Contents/Developer/Platforms/MacOSX.platform/Developer/SDKs/MacOSX26.5.sdk -find ctfmerge 2> /dev/null' failed with exit code 17664: (null) (errno=No such file or directory)
xcrun: error: unable to find utility "ctfmerge", not a developer tool or in PATH
xcrun: error: sh -c '/Applications/Xcode_26.6.app/Contents/Developer/usr/bin/xcodebuild -sdk /Applications/Xcode_26.6.app/Contents/Developer/Platforms/MacOSX.platform/Developer/SDKs/MacOSX26.5.sdk -find ctfmerge 2> /dev/null' failed with exit code 17664: (null) (errno=No such file or directory)
xcrun: error: unable to find utility "ctfmerge", not a developer tool or in PATH
xcrun: error: sh -c '/Applications/Xcode_26.6.app/Contents/Developer/usr/bin/xcodebuild -sdk /Applications/Xcode_26.6.app/Contents/Developer/Platforms/MacOSX.platform/Developer/SDKs/MacOSX26.5.sdk -find ctfconvert 2> /dev/null' failed with exit code 17664: (null) (errno=No such file or directory)
xcrun: error: unable to find utility "ctfconvert", not a developer tool or in PATH
xcrun: error: sh -c '/Applications/Xcode_26.6.app/Contents/Developer/usr/bin/xcodebuild -sdk /Applications/Xcode_26.6.app/Contents/Developer/Platforms/MacOSX.platform/Developer/SDKs/MacOSX26.5.sdk -find ctfconvert 2> /dev/null' failed with exit code 17664: (null) (errno=No such file or directory)
xcrun: error: unable to find utility "ctfconvert", not a developer tool or in PATH
xcrun: error: sh -c '/Applications/Xcode_26.6.app/Contents/Developer/usr/bin/xcodebuild -sdk /Applications/Xcode_26.6.app/Contents/Developer/Platforms/MacOSX.platform/Developer/SDKs/MacOSX26.5.sdk -find ctfconvert 2> /dev/null' failed with exit code 17664: (null) (errno=No such file or directory)
xcrun: error: unable to find utility "ctfconvert", not a developer tool or in PATH
xcrun: error: sh -c '/Applications/Xcode_26.6.app/Contents/Developer/usr/bin/xcodebuild -sdk /Applications/Xcode_26.6.app/Contents/Developer/Platforms/MacOSX.platform/Developer/SDKs/MacOSX26.5.sdk -find ctfmerge 2> /dev/null' failed with exit code 17664: (null) (errno=No such file or directory)
xcrun: error: unable to find utility "ctfmerge", not a developer tool or in PATH
xcrun: error: sh -c '/Applications/Xcode_26.6.app/Contents/Developer/usr/bin/xcodebuild -sdk /Applications/Xcode_26.6.app/Contents/Developer/Platforms/MacOSX.platform/Developer/SDKs/MacOSX26.5.sdk -find ctfmerge 2> /dev/null' failed with exit code 17664: (null) (errno=No such file or directory)
xcrun: error: unable to find utility "ctfmerge", not a developer tool or in PATH
xcrun: error: sh -c '/Applications/Xcode_26.6.app/Contents/Developer/usr/bin/xcodebuild -sdk /Applications/Xcode_26.6.app/Contents/Developer/Platforms/MacOSX.platform/Developer/SDKs/MacOSX26.5.sdk -find ctfmerge 2> /dev/null' failed with exit code 17664: (null) (errno=No such file or directory)
xcrun: error: unable to find utility "ctfmerge", not a developer tool or in PATH
xcrun: error: sh -c '/Applications/Xcode_26.6.app/Contents/Developer/usr/bin/xcodebuild -sdk /Applications/Xcode_26.6.app/Contents/Developer/Platforms/MacOSX.platform/Developer/SDKs/MacOSX26.5.sdk -find ctfconvert 2> /dev/null' failed with exit code 17664: (null) (errno=No such file or directory)
xcrun: error: unable to find utility "ctfconvert", not a developer tool or in PATH
xcrun: error: sh -c '/Applications/Xcode_26.6.app/Contents/Developer/usr/bin/xcodebuild -sdk /Applications/Xcode_26.6.app/Contents/Developer/Platforms/MacOSX.platform/Developer/SDKs/MacOSX26.5.sdk -find ctfconvert 2> /dev/null' failed with exit code 17664: (null) (errno=No such file or directory)
xcrun: error: unable to find utility "ctfconvert", not a developer tool or in PATH
xcrun: error: sh -c '/Applications/Xcode_26.6.app/Contents/Developer/usr/bin/xcodebuild -sdk /Applications/Xcode_26.6.app/Contents/Developer/Platforms/MacOSX.platform/Developer/SDKs/MacOSX26.5.sdk -find ctfconvert 2> /dev/null' failed with exit code 17664: (null) (errno=No such file or directory)
xcrun: error: unable to find utility "ctfconvert", not a developer tool or in PATH
xcrun: error: sh -c '/Applications/Xcode_26.6.app/Contents/Developer/usr/bin/xcodebuild -sdk /Applications/Xcode_26.6.app/Contents/Developer/Platforms/MacOSX.platform/Developer/SDKs/MacOSX26.5.sdk -find ctfmerge 2> /dev/null' failed with exit code 17664: (null) (errno=No such file or directory)
xcrun: error: unable to find utility "ctfmerge", not a developer tool or in PATH
xcrun: error: sh -c '/Applications/Xcode_26.6.app/Contents/Developer/usr/bin/xcodebuild -sdk /Applications/Xcode_26.6.app/Contents/Developer/Platforms/MacOSX.platform/Developer/SDKs/MacOSX26.5.sdk -find ctfmerge 2> /dev/null' failed with exit code 17664: (null) (errno=No such file or directory)
xcrun: error: unable to find utility "ctfmerge", not a developer tool or in PATH
xcrun: error: sh -c '/Applications/Xcode_26.6.app/Contents/Developer/usr/bin/xcodebuild -sdk /Applications/Xcode_26.6.app/Contents/Developer/Platforms/MacOSX.platform/Developer/SDKs/MacOSX26.5.sdk -find ctfmerge 2> /dev/null' failed with exit code 17664: (null) (errno=No such file or directory)
xcrun: error: unable to find utility "ctfmerge", not a developer tool or in PATH
xcrun: error: sh -c '/Applications/Xcode_26.6.app/Contents/Developer/usr/bin/xcodebuild -sdk /Applications/Xcode_26.6.app/Contents/Developer/Platforms/MacOSX.platform/Developer/SDKs/MacOSX26.5.sdk -find ctfconvert 2> /dev/null' failed with exit code 17664: (null) (errno=No such file or directory)
xcrun: error: unable to find utility "ctfconvert", not a developer tool or in PATH
xcrun: error: sh -c '/Applications/Xcode_26.6.app/Contents/Developer/usr/bin/xcodebuild -sdk /Applications/Xcode_26.6.app/Contents/Developer/Platforms/MacOSX.platform/Developer/SDKs/MacOSX26.5.sdk -find ctfconvert 2> /dev/null' failed with exit code 17664: (null) (errno=No such file or directory)
xcrun: error: unable to find utility "ctfconvert", not a developer tool or in PATH
xcrun: error: sh -c '/Applications/Xcode_26.6.app/Contents/Developer/usr/bin/xcodebuild -sdk /Applications/Xcode_26.6.app/Contents/Developer/Platforms/MacOSX.platform/Developer/SDKs/MacOSX26.5.sdk -find ctfconvert 2> /dev/null' failed with exit code 17664: (null) (errno=No such file or directory)
xcrun: error: unable to find utility "ctfconvert", not a developer tool or in PATH
xcrun: error: sh -c '/Applications/Xcode_26.6.app/Contents/Developer/usr/bin/xcodebuild -sdk /Applications/Xcode_26.6.app/Contents/Developer/Platforms/MacOSX.platform/Developer/SDKs/MacOSX26.5.sdk -find ctfmerge 2> /dev/null' failed with exit code 17664: (null) (errno=No such file or directory)
xcrun: error: unable to find utility "ctfmerge", not a developer tool or in PATH
xcrun: error: sh -c '/Applications/Xcode_26.6.app/Contents/Developer/usr/bin/xcodebuild -sdk /Applications/Xcode_26.6.app/Contents/Developer/Platforms/MacOSX.platform/Developer/SDKs/MacOSX26.5.sdk -find ctfmerge 2> /dev/null' failed with exit code 17664: (null) (errno=No such file or directory)
xcrun: error: unable to find utility "ctfmerge", not a developer tool or in PATH
xcrun: error: sh -c '/Applications/Xcode_26.6.app/Contents/Developer/usr/bin/xcodebuild -sdk /Applications/Xcode_26.6.app/Contents/Developer/Platforms/MacOSX.platform/Developer/SDKs/MacOSX26.5.sdk -find ctfmerge 2> /dev/null' failed with exit code 17664: (null) (errno=No such file or directory)
xcrun: error: unable to find utility "ctfmerge", not a developer tool or in PATH
xcrun: error: sh -c '/Applications/Xcode_26.6.app/Contents/Developer/usr/bin/xcodebuild -sdk /Applications/Xcode_26.6.app/Contents/Developer/Platforms/MacOSX.platform/Developer/SDKs/MacOSX26.5.sdk -find ctfconvert 2> /dev/null' failed with exit code 17664: (null) (errno=No such file or directory)
xcrun: error: unable to find utility "ctfconvert", not a developer tool or in PATH
xcrun: error: sh -c '/Applications/Xcode_26.6.app/Contents/Developer/usr/bin/xcodebuild -sdk /Applications/Xcode_26.6.app/Contents/Developer/Platforms/MacOSX.platform/Developer/SDKs/MacOSX26.5.sdk -find ctfconvert 2> /dev/null' failed with exit code 17664: (null) (errno=No such file or directory)
xcrun: error: unable to find utility "ctfconvert", not a developer tool or in PATH
xcrun: error: sh -c '/Applications/Xcode_26.6.app/Contents/Developer/usr/bin/xcodebuild -sdk /Applications/Xcode_26.6.app/Contents/Developer/Platforms/MacOSX.platform/Developer/SDKs/MacOSX26.5.sdk -find ctfconvert 2> /dev/null' failed with exit code 17664: (null) (errno=No such file or directory)
xcrun: error: unable to find utility "ctfconvert", not a developer tool or in PATH
xcrun: error: sh -c '/Applications/Xcode_26.6.app/Contents/Developer/usr/bin/xcodebuild -sdk /Applications/Xcode_26.6.app/Contents/Developer/Platforms/MacOSX.platform/Developer/SDKs/MacOSX26.5.sdk -find ctfmerge 2> /dev/null' failed with exit code 17664: (null) (errno=No such file or directory)
xcrun: error: unable to find utility "ctfmerge", not a developer tool or in PATH
xcrun: error: sh -c '/Applications/Xcode_26.6.app/Contents/Developer/usr/bin/xcodebuild -sdk /Applications/Xcode_26.6.app/Contents/Developer/Platforms/MacOSX.platform/Developer/SDKs/MacOSX26.5.sdk -find ctfmerge 2> /dev/null' failed with exit code 17664: (null) (errno=No such file or directory)
xcrun: error: unable to find utility "ctfmerge", not a developer tool or in PATH
xcrun: error: sh -c '/Applications/Xcode_26.6.app/Contents/Developer/usr/bin/xcodebuild -sdk /Applications/Xcode_26.6.app/Contents/Developer/Platforms/MacOSX.platform/Developer/SDKs/MacOSX26.5.sdk -find ctfconvert 2> /dev/null' failed with exit code 17664: (null) (errno=No such file or directory)
xcrun: error: unable to find utility "ctfconvert", not a developer tool or in PATH
xcrun: error: sh -c '/Applications/Xcode_26.6.app/Contents/Developer/usr/bin/xcodebuild -sdk /Applications/Xcode_26.6.app/Contents/Developer/Platforms/MacOSX.platform/Developer/SDKs/MacOSX26.5.sdk -find ctfmerge 2> /dev/null' failed with exit code 17664: (null) (errno=No such file or directory)
xcrun: error: unable to find utility "ctfmerge", not a developer tool or in PATH
xcrun: error: sh -c '/Applications/Xcode_26.6.app/Contents/Developer/usr/bin/xcodebuild -sdk /Applications/Xcode_26.6.app/Contents/Developer/Platforms/MacOSX.platform/Developer/SDKs/MacOSX26.5.sdk -find ctfconvert 2> /dev/null' failed with exit code 17664: (null) (errno=No such file or directory)
xcrun: error: unable to find utility "ctfconvert", not a developer tool or in PATH
xcrun: error: sh -c '/Applications/Xcode_26.6.app/Contents/Developer/usr/bin/xcodebuild -sdk /Applications/Xcode_26.6.app/Contents/Developer/Platforms/MacOSX.platform/Developer/SDKs/MacOSX26.5.sdk -find ctfmerge 2> /dev/null' failed with exit code 17664: (null) (errno=No such file or directory)
xcrun: error: unable to find utility "ctfmerge", not a developer tool or in PATH
xcrun: error: sh -c '/Applications/Xcode_26.6.app/Contents/Developer/usr/bin/xcodebuild -sdk /Applications/Xcode_26.6.app/Contents/Developer/Platforms/MacOSX.platform/Developer/SDKs/MacOSX26.5.sdk -find ctfconvert 2> /dev/null' failed with exit code 17664: (null) (errno=No such file or directory)
xcrun: error: unable to find utility "ctfconvert", not a developer tool or in PATH
xcrun: error: sh -c '/Applications/Xcode_26.6.app/Contents/Developer/usr/bin/xcodebuild -sdk /Applications/Xcode_26.6.app/Contents/Developer/Platforms/MacOSX.platform/Developer/SDKs/MacOSX26.5.sdk -find ctfmerge 2> /dev/null' failed with exit code 17664: (null) (errno=No such file or directory)
xcrun: error: unable to find utility "ctfmerge", not a developer tool or in PATH
xcrun: error: sh -c '/Applications/Xcode_26.6.app/Contents/Developer/usr/bin/xcodebuild -sdk /Applications/Xcode_26.6.app/Contents/Developer/Platforms/MacOSX.platform/Developer/SDKs/MacOSX26.5.sdk -find ctfconvert 2> /dev/null' failed with exit code 17664: (null) (errno=No such file or directory)
xcrun: error: unable to find utility "ctfconvert", not a developer tool or in PATH
xcrun: error: sh -c '/Applications/Xcode_26.6.app/Contents/Developer/usr/bin/xcodebuild -sdk /Applications/Xcode_26.6.app/Contents/Developer/Platforms/MacOSX.platform/Developer/SDKs/MacOSX26.5.sdk -find ctfmerge 2> /dev/null' failed with exit code 17664: (null) (errno=No such file or directory)
xcrun: error: unable to find utility "ctfmerge", not a developer tool or in PATH
xcrun: error: sh -c '/Applications/Xcode_26.6.app/Contents/Developer/usr/bin/xcodebuild -sdk /Applications/Xcode_26.6.app/Contents/Developer/Platforms/MacOSX.platform/Developer/SDKs/MacOSX26.5.sdk -find ctfconvert 2> /dev/null' failed with exit code 17664: (null) (errno=No such file or directory)
xcrun: error: unable to find utility "ctfconvert", not a developer tool or in PATH
xcrun: error: sh -c '/Applications/Xcode_26.6.app/Contents/Developer/usr/bin/xcodebuild -sdk /Applications/Xcode_26.6.app/Contents/Developer/Platforms/MacOSX.platform/Developer/SDKs/MacOSX26.5.sdk -find ctfmerge 2> /dev/null' failed with exit code 17664: (null) (errno=No such file or directory)
xcrun: error: unable to find utility "ctfmerge", not a developer tool or in PATH
xcrun: error: sh -c '/Applications/Xcode_26.6.app/Contents/Developer/usr/bin/xcodebuild -sdk /Applications/Xcode_26.6.app/Contents/Developer/Platforms/MacOSX.platform/Developer/SDKs/MacOSX26.5.sdk -find ctfconvert 2> /dev/null' failed with exit code 17664: (null) (errno=No such file or directory)
xcrun: error: unable to find utility "ctfconvert", not a developer tool or in PATH
xcrun: error: sh -c '/Applications/Xcode_26.6.app/Contents/Developer/usr/bin/xcodebuild -sdk /Applications/Xcode_26.6.app/Contents/Developer/Platforms/MacOSX.platform/Developer/SDKs/MacOSX26.5.sdk -find ctfmerge 2> /dev/null' failed with exit code 17664: (null) (errno=No such file or directory)
xcrun: error: unable to find utility "ctfmerge", not a developer tool or in PATH
xcrun: error: sh -c '/Applications/Xcode_26.6.app/Contents/Developer/usr/bin/xcodebuild -sdk /Applications/Xcode_26.6.app/Contents/Developer/Platforms/MacOSX.platform/Developer/SDKs/MacOSX26.5.sdk -find ctfmerge 2> /dev/null' failed with exit code 17664: (null) (errno=No such file or directory)
xcrun: error: unable to find utility "ctfmerge", not a developer tool or in PATH
xcrun: error: sh -c '/Applications/Xcode_26.6.app/Contents/Developer/usr/bin/xcodebuild -sdk /Applications/Xcode_26.6.app/Contents/Developer/Platforms/MacOSX.platform/Developer/SDKs/MacOSX26.5.sdk -find ctfconvert 2> /dev/null' failed with exit code 17664: (null) (errno=No such file or directory)
xcrun: error: unable to find utility "ctfconvert", not a developer tool or in PATH
xcrun: error: sh -c '/Applications/Xcode_26.6.app/Contents/Developer/usr/bin/xcodebuild -sdk /Applications/Xcode_26.6.app/Contents/Developer/Platforms/MacOSX.platform/Developer/SDKs/MacOSX26.5.sdk -find ctfconvert 2> /dev/null' failed with exit code 17664: (null) (errno=No such file or directory)
xcrun: error: unable to find utility "ctfconvert", not a developer tool or in PATH
xcrun: error: sh -c '/Applications/Xcode_26.6.app/Contents/Developer/usr/bin/xcodebuild -sdk /Applications/Xcode_26.6.app/Contents/Developer/Platforms/MacOSX.platform/Developer/SDKs/MacOSX26.5.sdk -find ctfmerge 2> /dev/null' failed with exit code 17664: (null) (errno=No such file or directory)
xcrun: error: unable to find utility "ctfmerge", not a developer tool or in PATH
xcrun: error: sh -c '/Applications/Xcode_26.6.app/Contents/Developer/usr/bin/xcodebuild -sdk /Applications/Xcode_26.6.app/Contents/Developer/Platforms/MacOSX.platform/Developer/SDKs/MacOSX26.5.sdk -find ctfconvert 2> /dev/null' failed with exit code 17664: (null) (errno=No such file or directory)
xcrun: error: unable to find utility "ctfconvert", not a developer tool or in PATH
xcrun: error: sh -c '/Applications/Xcode_26.6.app/Contents/Developer/usr/bin/xcodebuild -sdk /Applications/Xcode_26.6.app/Contents/Developer/Platforms/MacOSX.platform/Developer/SDKs/MacOSX26.5.sdk -find ctfmerge 2> /dev/null' failed with exit code 17664: (null) (errno=No such file or directory)
xcrun: error: unable to find utility "ctfmerge", not a developer tool or in PATH
xcrun: error: sh -c '/Applications/Xcode_26.6.app/Contents/Developer/usr/bin/xcodebuild -sdk /Applications/Xcode_26.6.app/Contents/Developer/Platforms/MacOSX.platform/Developer/SDKs/MacOSX26.5.sdk -find ctfmerge 2> /dev/null' failed with exit code 17664: (null) (errno=No such file or directory)
xcrun: error: unable to find utility "ctfmerge", not a developer tool or in PATH
xcrun: error: sh -c '/Applications/Xcode_26.6.app/Contents/Developer/usr/bin/xcodebuild -sdk /Applications/Xcode_26.6.app/Contents/Developer/Platforms/MacOSX.platform/Developer/SDKs/MacOSX26.5.sdk -find ctfconvert 2> /dev/null' failed with exit code 17664: (null) (errno=No such file or directory)
xcrun: error: unable to find utility "ctfconvert", not a developer tool or in PATH
xcrun: error: sh -c '/Applications/Xcode_26.6.app/Contents/Developer/usr/bin/xcodebuild -sdk /Applications/Xcode_26.6.app/Contents/Developer/Platforms/MacOSX.platform/Developer/SDKs/MacOSX26.5.sdk -find ctfconvert 2> /dev/null' failed with exit code 17664: (null) (errno=No such file or directory)
xcrun: error: unable to find utility "ctfconvert", not a developer tool or in PATH
xcrun: error: sh -c '/Applications/Xcode_26.6.app/Contents/Developer/usr/bin/xcodebuild -sdk /Applications/Xcode_26.6.app/Contents/Developer/Platforms/MacOSX.platform/Developer/SDKs/MacOSX26.5.sdk -find ctfmerge 2> /dev/null' failed with exit code 17664: (null) (errno=No such file or directory)
xcrun: error: unable to find utility "ctfmerge", not a developer tool or in PATH
xcrun: error: sh -c '/Applications/Xcode_26.6.app/Contents/Developer/usr/bin/xcodebuild -sdk /Applications/Xcode_26.6.app/Contents/Developer/Platforms/MacOSX.platform/Developer/SDKs/MacOSX26.5.sdk -find ctfconvert 2> /dev/null' failed with exit code 17664: (null) (errno=No such file or directory)
xcrun: error: unable to find utility "ctfconvert", not a developer tool or in PATH
xcrun: error: sh -c '/Applications/Xcode_26.6.app/Contents/Developer/usr/bin/xcodebuild -sdk /Applications/Xcode_26.6.app/Contents/Developer/Platforms/MacOSX.platform/Developer/SDKs/MacOSX26.5.sdk -find ctfmerge 2> /dev/null' failed with exit code 17664: (null) (errno=No such file or directory)
xcrun: error: unable to find utility "ctfmerge", not a developer tool or in PATH
xcrun: error: sh -c '/Applications/Xcode_26.6.app/Contents/Developer/usr/bin/xcodebuild -sdk /Applications/Xcode_26.6.app/Contents/Developer/Platforms/MacOSX.platform/Developer/SDKs/MacOSX26.5.sdk -find ctfmerge 2> /dev/null' failed with exit code 17664: (null) (errno=No such file or directory)
xcrun: error: unable to find utility "ctfmerge", not a developer tool or in PATH
xcrun: error: sh -c '/Applications/Xcode_26.6.app/Contents/Developer/usr/bin/xcodebuild -sdk /Applications/Xcode_26.6.app/Contents/Developer/Platforms/MacOSX.platform/Developer/SDKs/MacOSX26.5.sdk -find ctfconvert 2> /dev/null' failed with exit code 17664: (null) (errno=No such file or directory)
xcrun: error: unable to find utility "ctfconvert", not a developer tool or in PATH
xcrun: error: sh -c '/Applications/Xcode_26.6.app/Contents/Developer/usr/bin/xcodebuild -sdk /Applications/Xcode_26.6.app/Contents/Developer/Platforms/MacOSX.platform/Developer/SDKs/MacOSX26.5.sdk -find ctfconvert 2> /dev/null' failed with exit code 17664: (null) (errno=No such file or directory)
xcrun: error: unable to find utility "ctfconvert", not a developer tool or in PATH
xcrun: error: sh -c '/Applications/Xcode_26.6.app/Contents/Developer/usr/bin/xcodebuild -sdk /Applications/Xcode_26.6.app/Contents/Developer/Platforms/MacOSX.platform/Developer/SDKs/MacOSX26.5.sdk -find ctfconvert 2> /dev/null' failed with exit code 17664: (null) (errno=No such file or directory)
xcrun: error: unable to find utility "ctfconvert", not a developer tool or in PATH
xcrun: error: sh -c '/Applications/Xcode_26.6.app/Contents/Developer/usr/bin/xcodebuild -sdk /Applications/Xcode_26.6.app/Contents/Developer/Platforms/MacOSX.platform/Developer/SDKs/MacOSX26.5.sdk -find ctfmerge 2> /dev/null' failed with exit code 17664: (null) (errno=No such file or directory)
xcrun: error: unable to find utility "ctfmerge", not a developer tool or in PATH
xcrun: error: sh -c '/Applications/Xcode_26.6.app/Contents/Developer/usr/bin/xcodebuild -sdk /Applications/Xcode_26.6.app/Contents/Developer/Platforms/MacOSX.platform/Developer/SDKs/MacOSX26.5.sdk -find ctfmerge 2> /dev/null' failed with exit code 17664: (null) (errno=No such file or directory)
xcrun: error: unable to find utility "ctfmerge", not a developer tool or in PATH
xcrun: error: sh -c '/Applications/Xcode_26.6.app/Contents/Developer/usr/bin/xcodebuild -sdk /Applications/Xcode_26.6.app/Contents/Developer/Platforms/MacOSX.platform/Developer/SDKs/MacOSX26.5.sdk -find ctfmerge 2> /dev/null' failed with exit code 17664: (null) (errno=No such file or directory)
xcrun: error: unable to find utility "ctfmerge", not a developer tool or in PATH
xcrun: error: sh -c '/Applications/Xcode_26.6.app/Contents/Developer/usr/bin/xcodebuild -sdk /Applications/Xcode_26.6.app/Contents/Developer/Platforms/MacOSX.platform/Developer/SDKs/MacOSX26.5.sdk -find ctfconvert 2> /dev/null' failed with exit code 17664: (null) (errno=No such file or directory)
xcrun: error: unable to find utility "ctfconvert", not a developer tool or in PATH
xcrun: error: sh -c '/Applications/Xcode_26.6.app/Contents/Developer/usr/bin/xcodebuild -sdk /Applications/Xcode_26.6.app/Contents/Developer/Platforms/MacOSX.platform/Developer/SDKs/MacOSX26.5.sdk -find ctfconvert 2> /dev/null' failed with exit code 17664: (null) (errno=No such file or directory)
xcrun: error: unable to find utility "ctfconvert", not a developer tool or in PATH
xcrun: error: sh -c '/Applications/Xcode_26.6.app/Contents/Developer/usr/bin/xcodebuild -sdk /Applications/Xcode_26.6.app/Contents/Developer/Platforms/MacOSX.platform/Developer/SDKs/MacOSX26.5.sdk -find ctfconvert 2> /dev/null' failed with exit code 17664: (null) (errno=No such file or directory)
xcrun: error: unable to find utility "ctfconvert", not a developer tool or in PATH
xcrun: error: sh -c '/Applications/Xcode_26.6.app/Contents/Developer/usr/bin/xcodebuild -sdk /Applications/Xcode_26.6.app/Contents/Developer/Platforms/MacOSX.platform/Developer/SDKs/MacOSX26.5.sdk -find ctfmerge 2> /dev/null' failed with exit code 17664: (null) (errno=No such file or directory)
xcrun: error: unable to find utility "ctfmerge", not a developer tool or in PATH
xcrun: error: sh -c '/Applications/Xcode_26.6.app/Contents/Developer/usr/bin/xcodebuild -sdk /Applications/Xcode_26.6.app/Contents/Developer/Platforms/MacOSX.platform/Developer/SDKs/MacOSX26.5.sdk -find ctfmerge 2> /dev/null' failed with exit code 17664: (null) (errno=No such file or directory)
xcrun: error: unable to find utility "ctfmerge", not a developer tool or in PATH
xcrun: error: sh -c '/Applications/Xcode_26.6.app/Contents/Developer/usr/bin/xcodebuild -sdk /Applications/Xcode_26.6.app/Contents/Developer/Platforms/MacOSX.platform/Developer/SDKs/MacOSX26.5.sdk -find ctfmerge 2> /dev/null' failed with exit code 17664: (null) (errno=No such file or directory)
xcrun: error: unable to find utility "ctfmerge", not a developer tool or in PATH
xcrun: error: sh -c '/Applications/Xcode_26.6.app/Contents/Developer/usr/bin/xcodebuild -sdk /Applications/Xcode_26.6.app/Contents/Developer/Platforms/MacOSX.platform/Developer/SDKs/MacOSX26.5.sdk -find ctfconvert 2> /dev/null' failed with exit code 17664: (null) (errno=No such file or directory)
xcrun: error: unable to find utility "ctfconvert", not a developer tool or in PATH
xcrun: error: sh -c '/Applications/Xcode_26.6.app/Contents/Developer/usr/bin/xcodebuild -sdk /Applications/Xcode_26.6.app/Contents/Developer/Platforms/MacOSX.platform/Developer/SDKs/MacOSX26.5.sdk -find ctfconvert 2> /dev/null' failed with exit code 17664: (null) (errno=No such file or directory)
xcrun: error: unable to find utility "ctfconvert", not a developer tool or in PATH
xcrun: error: sh -c '/Applications/Xcode_26.6.app/Contents/Developer/usr/bin/xcodebuild -sdk /Applications/Xcode_26.6.app/Contents/Developer/Platforms/MacOSX.platform/Developer/SDKs/MacOSX26.5.sdk -find ctfmerge 2> /dev/null' failed with exit code 17664: (null) (errno=No such file or directory)
xcrun: error: unable to find utility "ctfmerge", not a developer tool or in PATH
xcrun: error: sh -c '/Applications/Xcode_26.6.app/Contents/Developer/usr/bin/xcodebuild -sdk /Applications/Xcode_26.6.app/Contents/Developer/Platforms/MacOSX.platform/Developer/SDKs/MacOSX26.5.sdk -find ctfconvert 2> /dev/null' failed with exit code 17664: (null) (errno=No such file or directory)
xcrun: error: unable to find utility "ctfconvert", not a developer tool or in PATH
xcrun: error: sh -c '/Applications/Xcode_26.6.app/Contents/Developer/usr/bin/xcodebuild -sdk /Applications/Xcode_26.6.app/Contents/Developer/Platforms/MacOSX.platform/Developer/SDKs/MacOSX26.5.sdk -find ctfmerge 2> /dev/null' failed with exit code 17664: (null) (errno=No such file or directory)
xcrun: error: unable to find utility "ctfmerge", not a developer tool or in PATH
xcrun: error: sh -c '/Applications/Xcode_26.6.app/Contents/Developer/usr/bin/xcodebuild -sdk /Applications/Xcode_26.6.app/Contents/Developer/Platforms/MacOSX.platform/Developer/SDKs/MacOSX26.5.sdk -find ctfconvert 2> /dev/null' failed with exit code 17664: (null) (errno=No such file or directory)
xcrun: error: unable to find utility "ctfconvert", not a developer tool or in PATH
xcrun: error: sh -c '/Applications/Xcode_26.6.app/Contents/Developer/usr/bin/xcodebuild -sdk /Applications/Xcode_26.6.app/Contents/Developer/Platforms/MacOSX.platform/Developer/SDKs/MacOSX26.5.sdk -find ctfmerge 2> /dev/null' failed with exit code 17664: (null) (errno=No such file or directory)
xcrun: error: unable to find utility "ctfmerge", not a developer tool or in PATH
xcrun: error: sh -c '/Applications/Xcode_26.6.app/Contents/Developer/usr/bin/xcodebuild -sdk /Applications/Xcode_26.6.app/Contents/Developer/Platforms/MacOSX.platform/Developer/SDKs/MacOSX26.5.sdk -find ctfconvert 2> /dev/null' failed with exit code 17664: (null) (errno=No such file or directory)
xcrun: error: unable to find utility "ctfconvert", not a developer tool or in PATH
[] GENERATING bsd/sys/sysproto.h from /Users/runner/work/redwood-xnu/redwood-xnu/bsd/kern/syscalls.master
[] GENERATING /Users/runner/work/redwood-xnu/redwood-xnu/BUILD/obj/syscall.codes from /Users/runner/work/redwood-xnu/redwood-xnu/bsd/kern/syscalls.master
xcrun: error: sh -c '/Applications/Xcode_26.6.app/Contents/Developer/usr/bin/xcodebuild -sdk /Applications/Xcode_26.6.app/Contents/Developer/Platforms/MacOSX.platform/Developer/SDKs/MacOSX26.5.sdk -find ctfmerge 2> /dev/null' failed with exit code 17664: (null) (errno=No such file or directory)
xcrun: error: unable to find utility "ctfmerge", not a developer tool or in PATH
xcrun: error: sh -c '/Applications/Xcode_26.6.app/Contents/Developer/usr/bin/xcodebuild -sdk /Applications/Xcode_26.6.app/Contents/Developer/Platforms/MacOSX.platform/Developer/SDKs/MacOSX26.5.sdk -find ctfmerge 2> /dev/null' failed with exit code 17664: (null) (errno=No such file or directory)
xcrun: error: unable to find utility "ctfmerge", not a developer tool or in PATH
xcrun: error: sh -c '/Applications/Xcode_26.6.app/Contents/Developer/usr/bin/xcodebuild -sdk /Applications/Xcode_26.6.app/Contents/Developer/Platforms/MacOSX.platform/Developer/SDKs/MacOSX26.5.sdk -find ctfconvert 2> /dev/null' failed with exit code 17664: (null) (errno=No such file or directory)
xcrun: error: unable to find utility "ctfconvert", not a developer tool or in PATH
[] GENERATING bsd/sys/syscall.h from /Users/runner/work/redwood-xnu/redwood-xnu/bsd/kern/syscalls.master
[] GENERATING bsd/sys/kdebugevents.h from /Users/runner/work/redwood-xnu/redwood-xnu/BUILD/obj/trace.codes
/bin/sh: /Users/runner/work/redwood-xnu/redwood-xnu/bsd/kern/makekdebugevents.py: /usr/bin/python: bad interpreter: No such file or directory
make[5]: *** [kdebugevents.h] Error 126
make[4]: *** [build_exporthdrs_mi] Error 2
make[3]: *** [build_exporthdrs_mi_recurse_into_sys] Error 2
make[2]: *** [build_exporthdrs_mi_recurse_into_bsd] Error 2
make[2]: *** Waiting for unfinished jobs....
xcrun: error: sh -c '/Applications/Xcode_26.6.app/Contents/Developer/usr/bin/xcodebuild -sdk /Applications/Xcode_26.6.app/Contents/Developer/Platforms/MacOSX.platform/Developer/SDKs/MacOSX26.5.sdk -find ctfconvert 2> /dev/null' failed with exit code 17664: (null) (errno=No such file or directory)
xcrun: error: unable to find utility "ctfconvert", not a developer tool or in PATH
xcrun: error: sh -c '/Applications/Xcode_26.6.app/Contents/Developer/usr/bin/xcodebuild -sdk /Applications/Xcode_26.6.app/Contents/Developer/Platforms/MacOSX.platform/Developer/SDKs/MacOSX26.5.sdk -find ctfmerge 2> /dev/null' failed with exit code 17664: (null) (errno=No such file or directory)
xcrun: error: unable to find utility "ctfmerge", not a developer tool or in PATH
xcrun: error: sh -c '/Applications/Xcode_26.6.app/Contents/Developer/usr/bin/xcodebuild -sdk /Applications/Xcode_26.6.app/Contents/Developer/Platforms/MacOSX.platform/Developer/SDKs/MacOSX26.5.sdk -find ctfconvert 2> /dev/null' failed with exit code 17664: (null) (errno=No such file or directory)
xcrun: error: unable to find utility "ctfconvert", not a developer tool or in PATH
xcrun: error: sh -c '/Applications/Xcode_26.6.app/Contents/Developer/usr/bin/xcodebuild -sdk /Applications/Xcode_26.6.app/Contents/Developer/Platforms/MacOSX.platform/Developer/SDKs/MacOSX26.5.sdk -find ctfmerge 2> /dev/null' failed with exit code 17664: (null) (errno=No such file or directory)
xcrun: error: unable to find utility "ctfmerge", not a developer tool or in PATH
xcrun: error: sh -c '/Applications/Xcode_26.6.app/Contents/Developer/usr/bin/xcodebuild -sdk /Applications/Xcode_26.6.app/Contents/Developer/Platforms/MacOSX.platform/Developer/SDKs/MacOSX26.5.sdk -find ctfconvert 2> /dev/null' failed with exit code 17664: (null) (errno=No such file or directory)
xcrun: error: unable to find utility "ctfconvert", not a developer tool or in PATH
xcrun: error: sh -c '/Applications/Xcode_26.6.app/Contents/Developer/usr/bin/xcodebuild -sdk /Applications/Xcode_26.6.app/Contents/Developer/Platforms/MacOSX.platform/Developer/SDKs/MacOSX26.5.sdk -find ctfconvert 2> /dev/null' failed with exit code 17664: (null) (errno=No such file or directory)
xcrun: error: unable to find utility "ctfconvert", not a developer tool or in PATH
xcrun: error: sh -c '/Applications/Xcode_26.6.app/Contents/Developer/usr/bin/xcodebuild -sdk /Applications/Xcode_26.6.app/Contents/Developer/Platforms/MacOSX.platform/Developer/SDKs/MacOSX26.5.sdk -find ctfmerge 2> /dev/null' failed with exit code 17664: (null) (errno=No such file or directory)
xcrun: error: unable to find utility "ctfmerge", not a developer tool or in PATH
xcrun: error: sh -c '/Applications/Xcode_26.6.app/Contents/Developer/usr/bin/xcodebuild -sdk /Applications/Xcode_26.6.app/Contents/Developer/Platforms/MacOSX.platform/Developer/SDKs/MacOSX26.5.sdk -find ctfmerge 2> /dev/null' failed with exit code 17664: (null) (errno=No such file or directory)
xcrun: error: unable to find utility "ctfmerge", not a developer tool or in PATH
xcrun: error: sh -c '/Applications/Xcode_26.6.app/Contents/Developer/usr/bin/xcodebuild -sdk /Applications/Xcode_26.6.app/Contents/Developer/Platforms/MacOSX.platform/Developer/SDKs/MacOSX26.5.sdk -find ctfconvert 2> /dev/null' failed with exit code 17664: (null) (errno=No such file or directory)
xcrun: error: unable to find utility "ctfconvert", not a developer tool or in PATH
xcrun: error: sh -c '/Applications/Xcode_26.6.app/Contents/Developer/usr/bin/xcodebuild -sdk /Applications/Xcode_26.6.app/Contents/Developer/Platforms/MacOSX.platform/Developer/SDKs/MacOSX26.5.sdk -find ctfmerge 2> /dev/null' failed with exit code 17664: (null) (errno=No such file or directory)
xcrun: error: unable to find utility "ctfmerge", not a developer tool or in PATH
xcrun: error: sh -c '/Applications/Xcode_26.6.app/Contents/Developer/usr/bin/xcodebuild -sdk /Applications/Xcode_26.6.app/Contents/Developer/Platforms/MacOSX.platform/Developer/SDKs/MacOSX26.5.sdk -find ctfconvert 2> /dev/null' failed with exit code 17664: (null) (errno=No such file or directory)
xcrun: error: unable to find utility "ctfconvert", not a developer tool or in PATH
xcrun: error: sh -c '/Applications/Xcode_26.6.app/Contents/Developer/usr/bin/xcodebuild -sdk /Applications/Xcode_26.6.app/Contents/Developer/Platforms/MacOSX.platform/Developer/SDKs/MacOSX26.5.sdk -find ctfmerge 2> /dev/null' failed with exit code 17664: (null) (errno=No such file or directory)
xcrun: error: unable to find utility "ctfmerge", not a developer tool or in PATH
xcrun: error: sh -c '/Applications/Xcode_26.6.app/Contents/Developer/usr/bin/xcodebuild -sdk /Applications/Xcode_26.6.app/Contents/Developer/Platforms/MacOSX.platform/Developer/SDKs/MacOSX26.5.sdk -find ctfconvert 2> /dev/null' failed with exit code 17664: (null) (errno=No such file or directory)
xcrun: error: unable to find utility "ctfconvert", not a developer tool or in PATH
xcrun: error: sh -c '/Applications/Xcode_26.6.app/Contents/Developer/usr/bin/xcodebuild -sdk /Applications/Xcode_26.6.app/Contents/Developer/Platforms/MacOSX.platform/Developer/SDKs/MacOSX26.5.sdk -find ctfmerge 2> /dev/null' failed with exit code 17664: (null) (errno=No such file or directory)
xcrun: error: unable to find utility "ctfmerge", not a developer tool or in PATH
xcrun: error: sh -c '/Applications/Xcode_26.6.app/Contents/Developer/usr/bin/xcodebuild -sdk /Applications/Xcode_26.6.app/Contents/Developer/Platforms/MacOSX.platform/Developer/SDKs/MacOSX26.5.sdk -find ctfmerge 2> /dev/null' failed with exit code 17664: (null) (errno=No such file or directory)
xcrun: error: unable to find utility "ctfmerge", not a developer tool or in PATH
xcrun: error: sh -c '/Applications/Xcode_26.6.app/Contents/Developer/usr/bin/xcodebuild -sdk /Applications/Xcode_26.6.app/Contents/Developer/Platforms/MacOSX.platform/Developer/SDKs/MacOSX26.5.sdk -find ctfconvert 2> /dev/null' failed with exit code 17664: (null) (errno=No such file or directory)
xcrun: error: unable to find utility "ctfconvert", not a developer tool or in PATH
xcrun: error: sh -c '/Applications/Xcode_26.6.app/Contents/Developer/usr/bin/xcodebuild -sdk /Applications/Xcode_26.6.app/Contents/Developer/Platforms/MacOSX.platform/Developer/SDKs/MacOSX26.5.sdk -find ctfconvert 2> /dev/null' failed with exit code 17664: (null) (errno=No such file or directory)
xcrun: error: unable to find utility "ctfconvert", not a developer tool or in PATH
xcrun: error: sh -c '/Applications/Xcode_26.6.app/Contents/Developer/usr/bin/xcodebuild -sdk /Applications/Xcode_26.6.app/Contents/Developer/Platforms/MacOSX.platform/Developer/SDKs/MacOSX26.5.sdk -find ctfconvert 2> /dev/null' failed with exit code 17664: (null) (errno=No such file or directory)
xcrun: error: unable to find utility "ctfconvert", not a developer tool or in PATH
xcrun: error: sh -c '/Applications/Xcode_26.6.app/Contents/Developer/usr/bin/xcodebuild -sdk /Applications/Xcode_26.6.app/Contents/Developer/Platforms/MacOSX.platform/Developer/SDKs/MacOSX26.5.sdk -find ctfmerge 2> /dev/null' failed with exit code 17664: (null) (errno=No such file or directory)
xcrun: error: unable to find utility "ctfmerge", not a developer tool or in PATH
xcrun: error: sh -c '/Applications/Xcode_26.6.app/Contents/Developer/usr/bin/xcodebuild -sdk /Applications/Xcode_26.6.app/Contents/Developer/Platforms/MacOSX.platform/Developer/SDKs/MacOSX26.5.sdk -find ctfmerge 2> /dev/null' failed with exit code 17664: (null) (errno=No such file or directory)
xcrun: error: unable to find utility "ctfmerge", not a developer tool or in PATH
xcrun: error: sh -c '/Applications/Xcode_26.6.app/Contents/Developer/usr/bin/xcodebuild -sdk /Applications/Xcode_26.6.app/Contents/Developer/Platforms/MacOSX.platform/Developer/SDKs/MacOSX26.5.sdk -find ctfmerge 2> /dev/null' failed with exit code 17664: (null) (errno=No such file or directory)
xcrun: error: unable to find utility "ctfmerge", not a developer tool or in PATH
xcrun: error: sh -c '/Applications/Xcode_26.6.app/Contents/Developer/usr/bin/xcodebuild -sdk /Applications/Xcode_26.6.app/Contents/Developer/Platforms/MacOSX.platform/Developer/SDKs/MacOSX26.5.sdk -find ctfconvert 2> /dev/null' failed with exit code 17664: (null) (errno=No such file or directory)
xcrun: error: unable to find utility "ctfconvert", not a developer tool or in PATH
xcrun: error: sh -c '/Applications/Xcode_26.6.app/Contents/Developer/usr/bin/xcodebuild -sdk /Applications/Xcode_26.6.app/Contents/Developer/Platforms/MacOSX.platform/Developer/SDKs/MacOSX26.5.sdk -find ctfconvert 2> /dev/null' failed with exit code 17664: (null) (errno=No such file or directory)
xcrun: error: unable to find utility "ctfconvert", not a developer tool or in PATH
xcrun: error: sh -c '/Applications/Xcode_26.6.app/Contents/Developer/usr/bin/xcodebuild -sdk /Applications/Xcode_26.6.app/Contents/Developer/Platforms/MacOSX.platform/Developer/SDKs/MacOSX26.5.sdk -find ctfmerge 2> /dev/null' failed with exit code 17664: (null) (errno=No such file or directory)
xcrun: error: unable to find utility "ctfmerge", not a developer tool or in PATH
xcrun: error: sh -c '/Applications/Xcode_26.6.app/Contents/Developer/usr/bin/xcodebuild -sdk /Applications/Xcode_26.6.app/Contents/Developer/Platforms/MacOSX.platform/Developer/SDKs/MacOSX26.5.sdk -find ctfconvert 2> /dev/null' failed with exit code 17664: (null) (errno=No such file or directory)
xcrun: error: unable to find utility "ctfconvert", not a developer tool or in PATH
xcrun: error: sh -c '/Applications/Xcode_26.6.app/Contents/Developer/usr/bin/xcodebuild -sdk /Applications/Xcode_26.6.app/Contents/Developer/Platforms/MacOSX.platform/Developer/SDKs/MacOSX26.5.sdk -find ctfmerge 2> /dev/null' failed with exit code 17664: (null) (errno=No such file or directory)
xcrun: error: unable to find utility "ctfmerge", not a developer tool or in PATH
xcrun: error: sh -c '/Applications/Xcode_26.6.app/Contents/Developer/usr/bin/xcodebuild -sdk /Applications/Xcode_26.6.app/Contents/Developer/Platforms/MacOSX.platform/Developer/SDKs/MacOSX26.5.sdk -find ctfconvert 2> /dev/null' failed with exit code 17664: (null) (errno=No such file or directory)
xcrun: error: unable to find utility "ctfconvert", not a developer tool or in PATH
xcrun: error: sh -c '/Applications/Xcode_26.6.app/Contents/Developer/usr/bin/xcodebuild -sdk /Applications/Xcode_26.6.app/Contents/Developer/Platforms/MacOSX.platform/Developer/SDKs/MacOSX26.5.sdk -find ctfmerge 2> /dev/null' failed with exit code 17664: (null) (errno=No such file or directory)
xcrun: error: unable to find utility "ctfmerge", not a developer tool or in PATH
xcrun: error: sh -c '/Applications/Xcode_26.6.app/Contents/Developer/usr/bin/xcodebuild -sdk /Applications/Xcode_26.6.app/Contents/Developer/Platforms/MacOSX.platform/Developer/SDKs/MacOSX26.5.sdk -find ctfconvert 2> /dev/null' failed with exit code 17664: (null) (errno=No such file or directory)
xcrun: error: unable to find utility "ctfconvert", not a developer tool or in PATH
xcrun: error: sh -c '/Applications/Xcode_26.6.app/Contents/Developer/usr/bin/xcodebuild -sdk /Applications/Xcode_26.6.app/Contents/Developer/Platforms/MacOSX.platform/Developer/SDKs/MacOSX26.5.sdk -find ctfmerge 2> /dev/null' failed with exit code 17664: (null) (errno=No such file or directory)
xcrun: error: unable to find utility "ctfmerge", not a developer tool or in PATH
xcrun: error: sh -c '/Applications/Xcode_26.6.app/Contents/Developer/usr/bin/xcodebuild -sdk /Applications/Xcode_26.6.app/Contents/Developer/Platforms/MacOSX.platform/Developer/SDKs/MacOSX26.5.sdk -find ctfconvert 2> /dev/null' failed with exit code 17664: (null) (errno=No such file or directory)
xcrun: error: unable to find utility "ctfconvert", not a developer tool or in PATH
xcrun: error: sh -c '/Applications/Xcode_26.6.app/Contents/Developer/usr/bin/xcodebuild -sdk /Applications/Xcode_26.6.app/Contents/Developer/Platforms/MacOSX.platform/Developer/SDKs/MacOSX26.5.sdk -find ctfmerge 2> /dev/null' failed with exit code 17664: (null) (errno=No such file or directory)
xcrun: error: unable to find utility "ctfmerge", not a developer tool or in PATH
xcrun: error: sh -c '/Applications/Xcode_26.6.app/Contents/Developer/usr/bin/xcodebuild -sdk /Applications/Xcode_26.6.app/Contents/Developer/Platforms/MacOSX.platform/Developer/SDKs/MacOSX26.5.sdk -find ctfmerge 2> /dev/null' failed with exit code 17664: (null) (errno=No such file or directory)
xcrun: error: unable to find utility "ctfmerge", not a developer tool or in PATH
xcrun: error: sh -c '/Applications/Xcode_26.6.app/Contents/Developer/usr/bin/xcodebuild -sdk /Applications/Xcode_26.6.app/Contents/Developer/Platforms/MacOSX.platform/Developer/SDKs/MacOSX26.5.sdk -find ctfconvert 2> /dev/null' failed with exit code 17664: (null) (errno=No such file or directory)
xcrun: error: unable to find utility "ctfconvert", not a developer tool or in PATH
xcrun: error: sh -c '/Applications/Xcode_26.6.app/Contents/Developer/usr/bin/xcodebuild -sdk /Applications/Xcode_26.6.app/Contents/Developer/Platforms/MacOSX.platform/Developer/SDKs/MacOSX26.5.sdk -find ctfconvert 2> /dev/null' failed with exit code 17664: (null) (errno=No such file or directory)
xcrun: error: unable to find utility "ctfconvert", not a developer tool or in PATH
xcrun: error: sh -c '/Applications/Xcode_26.6.app/Contents/Developer/usr/bin/xcodebuild -sdk /Applications/Xcode_26.6.app/Contents/Developer/Platforms/MacOSX.platform/Developer/SDKs/MacOSX26.5.sdk -find ctfmerge 2> /dev/null' failed with exit code 17664: (null) (errno=No such file or directory)
xcrun: error: unable to find utility "ctfmerge", not a developer tool or in PATH
MIG gssd_mach.h
xcrun: error: sh -c '/Applications/Xcode_26.6.app/Contents/Developer/usr/bin/xcodebuild -sdk /Applications/Xcode_26.6.app/Contents/Developer/Platforms/MacOSX.platform/Developer/SDKs/MacOSX26.5.sdk -find ctfconvert 2> /dev/null' failed with exit code 17664: (null) (errno=No such file or directory)
xcrun: error: unable to find utility "ctfconvert", not a developer tool or in PATH
xcrun: error: sh -c '/Applications/Xcode_26.6.app/Contents/Developer/usr/bin/xcodebuild -sdk /Applications/Xcode_26.6.app/Contents/Developer/Platforms/MacOSX.platform/Developer/SDKs/MacOSX26.5.sdk -find ctfmerge 2> /dev/null' failed with exit code 17664: (null) (errno=No such file or directory)
xcrun: error: unable to find utility "ctfmerge", not a developer tool or in PATH
xcrun: error: sh -c '/Applications/Xcode_26.6.app/Contents/Developer/usr/bin/xcodebuild -sdk /Applications/Xcode_26.6.app/Contents/Developer/Platforms/MacOSX.platform/Developer/SDKs/MacOSX26.5.sdk -find ctfmerge 2> /dev/null' failed with exit code 17664: (null) (errno=No such file or directory)
xcrun: error: unable to find utility "ctfmerge", not a developer tool or in PATH
xcrun: error: sh -c '/Applications/Xcode_26.6.app/Contents/Developer/usr/bin/xcodebuild -sdk /Applications/Xcode_26.6.app/Contents/Developer/Platforms/MacOSX.platform/Developer/SDKs/MacOSX26.5.sdk -find ctfconvert 2> /dev/null' failed with exit code 17664: (null) (errno=No such file or directory)
xcrun: error: unable to find utility "ctfconvert", not a developer tool or in PATH
xcrun: error: sh -c '/Applications/Xcode_26.6.app/Contents/Developer/usr/bin/xcodebuild -sdk /Applications/Xcode_26.6.app/Contents/Developer/Platforms/MacOSX.platform/Developer/SDKs/MacOSX26.5.sdk -find ctfconvert 2> /dev/null' failed with exit code 17664: (null) (errno=No such file or directory)
xcrun: error: unable to find utility "ctfconvert", not a developer tool or in PATH
xcrun: error: sh -c '/Applications/Xcode_26.6.app/Contents/Developer/usr/bin/xcodebuild -sdk /Applications/Xcode_26.6.app/Contents/Developer/Platforms/MacOSX.platform/Developer/SDKs/MacOSX26.5.sdk -find ctfconvert 2> /dev/null' failed with exit code 17664: (null) (errno=No such file or directory)
xcrun: error: unable to find utility "ctfconvert", not a developer tool or in PATH
xcrun: error: sh -c '/Applications/Xcode_26.6.app/Contents/Developer/usr/bin/xcodebuild -sdk /Applications/Xcode_26.6.app/Contents/Developer/Platforms/MacOSX.platform/Developer/SDKs/MacOSX26.5.sdk -find ctfmerge 2> /dev/null' failed with exit code 17664: (null) (errno=No such file or directory)
xcrun: error: unable to find utility "ctfmerge", not a developer tool or in PATH
xcrun: error: sh -c '/Applications/Xcode_26.6.app/Contents/Developer/usr/bin/xcodebuild -sdk /Applications/Xcode_26.6.app/Contents/Developer/Platforms/MacOSX.platform/Developer/SDKs/MacOSX26.5.sdk -find ctfmerge 2> /dev/null' failed with exit code 17664: (null) (errno=No such file or directory)
xcrun: error: unable to find utility "ctfmerge", not a developer tool or in PATH
MIG kextd_mach.h
xcrun: error: sh -c '/Applications/Xcode_26.6.app/Contents/Developer/usr/bin/xcodebuild -sdk /Applications/Xcode_26.6.app/Contents/Developer/Platforms/MacOSX.platform/Developer/SDKs/MacOSX26.5.sdk -find ctfmerge 2> /dev/null' failed with exit code 17664: (null) (errno=No such file or directory)
xcrun: error: unable to find utility "ctfmerge", not a developer tool or in PATH
MIG lockd_mach.h
xcrun: error: sh -c '/Applications/Xcode_26.6.app/Contents/Developer/usr/bin/xcodebuild -sdk /Applications/Xcode_26.6.app/Contents/Developer/Platforms/MacOSX.platform/Developer/SDKs/MacOSX26.5.sdk -find ctfconvert 2> /dev/null' failed with exit code 17664: (null) (errno=No such file or directory)
xcrun: error: unable to find utility "ctfconvert", not a developer tool or in PATH
xcrun: error: sh -c '/Applications/Xcode_26.6.app/Contents/Developer/usr/bin/xcodebuild -sdk /Applications/Xcode_26.6.app/Contents/Developer/Platforms/MacOSX.platform/Developer/SDKs/MacOSX26.5.sdk -find ctfconvert 2> /dev/null' failed with exit code 17664: (null) (errno=No such file or directory)
xcrun: error: unable to find utility "ctfconvert", not a developer tool or in PATH
xcrun: error: sh -c '/Applications/Xcode_26.6.app/Contents/Developer/usr/bin/xcodebuild -sdk /Applications/Xcode_26.6.app/Contents/Developer/Platforms/MacOSX.platform/Developer/SDKs/MacOSX26.5.sdk -find ctfconvert 2> /dev/null' failed with exit code 17664: (null) (errno=No such file or directory)
xcrun: error: unable to find utility "ctfconvert", not a developer tool or in PATH
xcrun: error: sh -c '/Applications/Xcode_26.6.app/Contents/Developer/usr/bin/xcodebuild -sdk /Applications/Xcode_26.6.app/Contents/Developer/Platforms/MacOSX.platform/Developer/SDKs/MacOSX26.5.sdk -find ctfmerge 2> /dev/null' failed with exit code 17664: (null) (errno=No such file or directory)
xcrun: error: unable to find utility "ctfmerge", not a developer tool or in PATH
xcrun: error: sh -c '/Applications/Xcode_26.6.app/Contents/Developer/usr/bin/xcodebuild -sdk /Applications/Xcode_26.6.app/Contents/Developer/Platforms/MacOSX.platform/Developer/SDKs/MacOSX26.5.sdk -find ctfmerge 2> /dev/null' failed with exit code 17664: (null) (errno=No such file or directory)
xcrun: error: unable to find utility "ctfmerge", not a developer tool or in PATH
xcrun: error: sh -c '/Applications/Xcode_26.6.app/Contents/Developer/usr/bin/xcodebuild -sdk /Applications/Xcode_26.6.app/Contents/Developer/Platforms/MacOSX.platform/Developer/SDKs/MacOSX26.5.sdk -find ctfmerge 2> /dev/null' failed with exit code 17664: (null) (errno=No such file or directory)
xcrun: error: unable to find utility "ctfmerge", not a developer tool or in PATH
xcrun: error: sh -c '/Applications/Xcode_26.6.app/Contents/Developer/usr/bin/xcodebuild -sdk /Applications/Xcode_26.6.app/Contents/Developer/Platforms/MacOSX.platform/Developer/SDKs/MacOSX26.5.sdk -find ctfconvert 2> /dev/null' failed with exit code 17664: (null) (errno=No such file or directory)
xcrun: error: unable to find utility "ctfconvert", not a developer tool or in PATH
xcrun: error: sh -c '/Applications/Xcode_26.6.app/Contents/Developer/usr/bin/xcodebuild -sdk /Applications/Xcode_26.6.app/Contents/Developer/Platforms/MacOSX.platform/Developer/SDKs/MacOSX26.5.sdk -find ctfmerge 2> /dev/null' failed with exit code 17664: (null) (errno=No such file or directory)
xcrun: error: unable to find utility "ctfmerge", not a developer tool or in PATH
xcrun: error: sh -c '/Applications/Xcode_26.6.app/Contents/Developer/usr/bin/xcodebuild -sdk /Applications/Xcode_26.6.app/Contents/Developer/Platforms/MacOSX.platform/Developer/SDKs/MacOSX26.5.sdk -find ctfconvert 2> /dev/null' failed with exit code 17664: (null) (errno=No such file or directory)
xcrun: error: unable to find utility "ctfconvert", not a developer tool or in PATH
xcrun: error: sh -c '/Applications/Xcode_26.6.app/Contents/Developer/usr/bin/xcodebuild -sdk /Applications/Xcode_26.6.app/Contents/Developer/Platforms/MacOSX.platform/Developer/SDKs/MacOSX26.5.sdk -find ctfconvert 2> /dev/null' failed with exit code 17664: (null) (errno=No such file or directory)
xcrun: error: unable to find utility "ctfconvert", not a developer tool or in PATH
xcrun: error: sh -c '/Applications/Xcode_26.6.app/Contents/Developer/usr/bin/xcodebuild -sdk /Applications/Xcode_26.6.app/Contents/Developer/Platforms/MacOSX.platform/Developer/SDKs/MacOSX26.5.sdk -find ctfconvert 2> /dev/null' failed with exit code 17664: (null) (errno=No such file or directory)
xcrun: error: unable to find utility "ctfconvert", not a developer tool or in PATH
xcrun: error: sh -c '/Applications/Xcode_26.6.app/Contents/Developer/usr/bin/xcodebuild -sdk /Applications/Xcode_26.6.app/Contents/Developer/Platforms/MacOSX.platform/Developer/SDKs/MacOSX26.5.sdk -find ctfmerge 2> /dev/null' failed with exit code 17664: (null) (errno=No such file or directory)
xcrun: error: unable to find utility "ctfmerge", not a developer tool or in PATH
xcrun: error: sh -c '/Applications/Xcode_26.6.app/Contents/Developer/usr/bin/xcodebuild -sdk /Applications/Xcode_26.6.app/Contents/Developer/Platforms/MacOSX.platform/Developer/SDKs/MacOSX26.5.sdk -find ctfmerge 2> /dev/null' failed with exit code 17664: (null) (errno=No such file or directory)
xcrun: error: unable to find utility "ctfmerge", not a developer tool or in PATH
xcrun: error: sh -c '/Applications/Xcode_26.6.app/Contents/Developer/usr/bin/xcodebuild -sdk /Applications/Xcode_26.6.app/Contents/Developer/Platforms/MacOSX.platform/Developer/SDKs/MacOSX26.5.sdk -find ctfconvert 2> /dev/null' failed with exit code 17664: (null) (errno=No such file or directory)
xcrun: error: unable to find utility "ctfconvert", not a developer tool or in PATH
xcrun: error: sh -c '/Applications/Xcode_26.6.app/Contents/Developer/usr/bin/xcodebuild -sdk /Applications/Xcode_26.6.app/Contents/Developer/Platforms/MacOSX.platform/Developer/SDKs/MacOSX26.5.sdk -find ctfmerge 2> /dev/null' failed with exit code 17664: (null) (errno=No such file or directory)
xcrun: error: unable to find utility "ctfmerge", not a developer tool or in PATH
xcrun: error: sh -c '/Applications/Xcode_26.6.app/Contents/Developer/usr/bin/xcodebuild -sdk /Applications/Xcode_26.6.app/Contents/Developer/Platforms/MacOSX.platform/Developer/SDKs/MacOSX26.5.sdk -find ctfmerge 2> /dev/null' failed with exit code 17664: (null) (errno=No such file or directory)
xcrun: error: unable to find utility "ctfmerge", not a developer tool or in PATH
xcrun: error: sh -c '/Applications/Xcode_26.6.app/Contents/Developer/usr/bin/xcodebuild -sdk /Applications/Xcode_26.6.app/Contents/Developer/Platforms/MacOSX.platform/Developer/SDKs/MacOSX26.5.sdk -find ctfconvert 2> /dev/null' failed with exit code 17664: (null) (errno=No such file or directory)
xcrun: error: unable to find utility "ctfconvert", not a developer tool or in PATH
xcrun: error: sh -c '/Applications/Xcode_26.6.app/Contents/Developer/usr/bin/xcodebuild -sdk /Applications/Xcode_26.6.app/Contents/Developer/Platforms/MacOSX.platform/Developer/SDKs/MacOSX26.5.sdk -find ctfmerge 2> /dev/null' failed with exit code 17664: (null) (errno=No such file or directory)
xcrun: error: unable to find utility "ctfmerge", not a developer tool or in PATH
xcrun: error: sh -c '/Applications/Xcode_26.6.app/Contents/Developer/usr/bin/xcodebuild -sdk /Applications/Xcode_26.6.app/Contents/Developer/Platforms/MacOSX.platform/Developer/SDKs/MacOSX26.5.sdk -find ctfconvert 2> /dev/null' failed with exit code 17664: (null) (errno=No such file or directory)
xcrun: error: unable to find utility "ctfconvert", not a developer tool or in PATH
xcrun: error: sh -c '/Applications/Xcode_26.6.app/Contents/Developer/usr/bin/xcodebuild -sdk /Applications/Xcode_26.6.app/Contents/Developer/Platforms/MacOSX.platform/Developer/SDKs/MacOSX26.5.sdk -find ctfmerge 2> /dev/null' failed with exit code 17664: (null) (errno=No such file or directory)
xcrun: error: unable to find utility "ctfmerge", not a developer tool or in PATH
make[1]: *** [build_exporthdrs_mi_bootstrap_DEVELOPMENT^ARM64^NONE] Error 2
make: *** [all] Error 2
BUILD/obj/DEVELOPMENT_ARM64/osfmk/mach/mach_host.h
BUILD/obj/DEVELOPMENT_ARM64/osfmk/mach/mach_port.h
BUILD/obj/DEVELOPMENT_ARM64/osfmk/mach/mach_exc_server.h
BUILD/obj/DEVELOPMENT_ARM64/osfmk/mach/mach_voucher.h
BUILD/obj/DEVELOPMENT_ARM64/osfmk/mach/mach_voucher_attr_control.h
BUILD/obj/DEVELOPMENT_ARM64/osfmk/mach/mach_vm.h
BUILD/obj/EXPORT_HDRS/bsd/sys/mach_swapon.h
BUILD/obj/EXPORT_HDRS/osfmk/kern/mach_param.h
BUILD/obj/EXPORT_HDRS/osfmk/mach_debug/mach_debug.h
BUILD/obj/EXPORT_HDRS/osfmk/mach_debug/mach_debug_types.h
BUILD/obj/EXPORT_HDRS/osfmk/mach_debug/mach_debug_types.defs
BUILD/obj/EXPORT_HDRS/osfmk/machine/machine_kpc.h
BUILD/obj/EXPORT_HDRS/osfmk/machine/machine_routines.h
BUILD/obj/EXPORT_HDRS/osfmk/machine/machine_cpuid.h
BUILD/obj/EXPORT_HDRS/osfmk/mach/mach_voucher.defs
BUILD/obj/EXPORT_HDRS/osfmk/mach/mach_vm.defs
BUILD/obj/EXPORT_HDRS/osfmk/mach/mach_types.h
BUILD/obj/EXPORT_HDRS/osfmk/mach/machine.h
BUILD/obj/EXPORT_HDRS/osfmk/mach/mach_host.defs
BUILD/obj/EXPORT_HDRS/osfmk/mach/mach_time.h
BUILD/obj/EXPORT_HDRS/osfmk/mach/mach_host.h
BUILD/obj/EXPORT_HDRS/osfmk/mach/mach_types.defs
BUILD/obj/EXPORT_HDRS/osfmk/mach/mach_port.h
BUILD/obj/EXPORT_HDRS/osfmk/mach/mach_voucher_types.h
BUILD/obj/EXPORT_HDRS/osfmk/mach/mach_voucher_attr_control.defs
BUILD/obj/EXPORT_HDRS/osfmk/mach/mach_param.h
BUILD/obj/EXPORT_HDRS/osfmk/mach/mach_exc.defs
BUILD/obj/EXPORT_HDRS/osfmk/mach/mach_exc_server.h
BUILD/obj/EXPORT_HDRS/osfmk/mach/mach_voucher.h
BUILD/obj/EXPORT_HDRS/osfmk/mach/mach_interface.h
